location_id,address,fun_facts
1,"""Metzger's Apt"" 151 Alice B. Toklas Pl.",
2,0-100 block Halleck Street,
3,1 Bush Street,
4,1 Market St. Landmark Building,
5,1 Montgomery Street at Post,
6,1 Post Street,
7,100 Alemany Blvd.,
8,100 Block of Lombard Street,
9,100 Block of Union Street (Cow Hollow),
10,100 Embarcadero Street,
11,100 Market Street at 6th Street,
12,100 St. Germain Avenue,
13,1007 Gough Street,
14,101 Henry Adams Place,
15,"101 Henry Adams Place, 4th Floor",
16,1069 Tennessee Street,
17,11 San Jacinto Ave.,
18,1101 Filbert St.,
19,1122 Folsom Street,
20,1138 Alabama St,
21,1138 Filbert Street,
22,1153-57 Taylor Street,
23,1155 Filbert Street at Hyde,
24,1158-70 Montgomery Street,
25,1160 Taylor Street,
26,119 Utah,
27,1200 Washington Street at Taylor Street,
28,1227 Montgomery Street,
29,1227 Montgomery Street (Telegraph Hill),
30,1328 Portola,
31,1375 Haight St.,
32,140 Maiden Lane,
33,1400 18th Street,
34,1458 33rd Ave.,
35,"1462 Grant Avenue, at Union Street",
36,1465 Revere Avenue between Keith and Jennings,
37,15-17 Fresno Street,
38,1521 Masonic Avenue at Piedmont Street,
39,1536 Noe St.,
40,1559 Underwood Avenue between Lane and Keith,
41,1601 Lane St.,
42,1627 Haight Street,
43,16th and Utah,"Helicopter flies over Utah St. from 16th, rises up before freeway"
44,16th St.,
45,180 Manchester Street,
46,1801 Laguna at Bush,
47,18th Street between Guerrero and Valencia Streets,"Re-enactment of ""Dyke's on Bikes"" and ""Dyke March"""
48,18th Street Overpass (Potrero Hill),
49,19 Green Street (North Beach),
50,1954 Mason Street (North Beach),
51,198 Gough Street,
52,19th and Kansas St.,
53,20 Hill Street,
54,200 block Market Street,
55,200 Block of Sansome Street (Financial District),
56,200 Post St.,
57,2017 23rd Street,
58,2090 Jackson Street,
59,20th,
60,20th & Connecticut Streets (Potrero Hill),
61,20th & De Haro Streets (Potrero Hill),
62,20th & Vermont Streets (Potrero Hill),
63,20th and Folsom Streets,
64,20th St and Church (3885 20th St),
65,20th St and Illinois/Faxon St. and Kenwood/Glenbrook at Mt. Springs,
66,2100 Green Street,
67,2100 Pacific Ave at Laguna St,
68,2104 Broadway,
69,2107 Union Street,
70,2178 Palou Ave.,
71,2179 48th Ave,
72,2190 Washington Street (Pacific Heights),
73,21st and Collingswood St.,
74,21st and Sanchez St,
75,21st St & Sanchez,
76,2230 Sacramento Street,
77,225 California Street,
78,22nd & Wisconsin Streets (Potrero Hill),
79,22nd and Carolina Streets (Potrero Hill),
80,22nd Avenue & Balboa Street (Richmond District),
81,22nd Bet. Carolina & Rhode Island Streets (Potrero Hill),
82,22nd St.,
83,2340 Francisco Street,
84,23rd & Capp Streets (Mission District),
85,23rd & Iowa Streets (Dogpatch),
86,24 Hill St.,
87,2417 Franklin Street,
88,24th and Castro Streets (Noe Valley),
89,24th St. between Florida and Alabama,
90,24th Street between Mission Street and Potrero Avenue,
91,24th Street Mini Park (Mission District),
92,2552 Hyde Street,
93,2601 Lyon Street,
94,2632 Larkin Street at Lombard,
95,2700 Vallejo Street (Pacific Heights),
96,280 Freeway at Pennsylvania and Mariposa Streets,
97,2800 Scott Street,
98,2810 Pacific Avenue,
99,2898 Broadway,
100,2898 Vallejo Street,
101,2915 16th St.,
102,2930 3rd Street,
103,2930 Vallejo Street,
104,2934 24th St.,
105,29th and Dolores Street,
106,2nd St & Howard,
107,2nd St. at Townsend St.,
108,301 Howard Street,
109,303-305 S. Van Ness,
110,304 Lily St.,
111,305 Hugo Street,
112,307 Filbert Street,
113,312 Fillmore Street,
114,3122 16th Street,
115,32 Napier Lane,
116,3232 Jackson Ave.,
117,33 Spruce St,
118,330 Santa Clara Ave.,
119,333 Pacheco St at Lopez Ave.,
120,3355 Geary Blvd.,
121,343 Union Street,
122,3563 20th St.,
123,3567 18th Street,
124,3639 Taraval St,
125,375 Castro St. and 17th between Castro and Diamond St.,
126,375 Laguna Honda Blvd.,
127,387 Fair Oaks at 25th Street,
128,391 Pennsylvania Avenue at 19th Street,
129,3rd Street between Market & Harrison,
130,400 Montgomery Street,
131,4015 21st St,
132,4100 20th St,
133,411 Shrader St.,
134,42 Walter Street,
135,420 Jones St. at Ellis St.,
136,420 Mason St.,
137,422 Oak Street at Laguna,
138,424 Sansome Street,
139,426 Castro St.,
140,430 Vallejo Street (Telegraph Hill),
141,"433 Baker Street,",
142,435 23rd Street at Illinois,
143,440 Castro St.,
144,475 Diamond St.,
145,500 Block of Pacific Avenue (Chinatown),
146,500 Club (500 Guerrero),
147,510 Noe Street & 18th St.,
148,516 Green Street,
149,520 Castro St.,
150,520-522A Green Street at Grant Street,
151,53 Potomac St,
152,544 Natoma (SOMA),
153,550 El Camino Del Mar (Seacliff),
154,5546 Geary Ave,
155,555 California,
156,555 Market St.,
157,5th and Beale Streets,
158,60 Spear Street,
159,601 Buena Vista Ave West at Java St.,
160,610 Rhode Island Street (Potrero Hill),
161,628 Cole Street,
162,634 Raycliff Terrace,
163,67-69 Deming St.,
164,679 Madrid St,
165,6th Street On-ramp to Highway 280,
166,700 Block of Jackson Street (Chinatown),
167,700 Kansas St.,
168,710 Steiner Street (Hayes Valley),
169,720 Steiner Street (Hayes Valley),
170,722 Steiner Street,
171,"722 Steiner Street (Postcard Row, Alamo Square, Hayes Valley)",
172,724 Brazil Avenue,
173,75 California Street,
174,755 Vallejo Street,
175,766 Sutter Street,
176,766 Vallejo Street at Stockton Street (North Beach),
177,770 Haight St.,
178,772 Commercial Street at Kearney,
179,790 Ulloa,
180,812 22nd St. and Tennessee,
181,819 Mason Street at Pine,
182,82 & 67 Rico Way (Marina District),
183,835-865 Market Street at 5th Street,
184,87 Cervantes Blvd (beach),
185,883 42nd Ave.,
186,90 Gold Street,
187,900 Block of Grant Avenue (Chinatown),
188,900 Lombard Street,
189,901 Union Street,
190,"915 Naples, San Francisco",
191,923 Vermont St.,
192,Administration Building (Treasure Island),"An artificial island, Treasure Island was created for the 1939 Golden Gate International Exposition, and is named after the novel by Robert Louis Stevenson, a one-time San Francisco resident."
193,"Aladdin Terrace (off of Taylor Street, Between Filbert and Union)",
194,Alamo Square,
195,Alamo Square (Hayes Valley),
196,Albert S. Samuels Clock (856 Market Street between Powell and Stockton),
197,Alcatraz Island,Alcatraz Island was a military fort before it became a prison.
198,Alco Plaza,
199,Alcoa Building (1 Maritime Plaza),
200,Alioto Park,
201,Alta Plaza Park,
202,Alta Plaza Park (Steiner Street),
203,"American Can Company (Between Illinois & Kentucky, 20th and 22nd Streets)",
204,"American Roofing Co. Building (297 Kansas Street, Potrero Hill)",
205,Andrew S. Hallidie Plaza (Market & Powell Streets),
206,"Andronico's, 1200 Irving Street",
207,Aquatic Park (Jefferson Street),
208,"Asia Star Fantasy, 1126 Grant Ave.",
209,"Asian Art Museum (200 Larkin Street, Civic Center)",The Dalai Lama opened an exhibition on Wisdom and Compassion at the museum in 1991.
210,AT&T Stadium,
211,"Atlas Café, 3049 20th St.",
212,Aub Zam Zam Bar,
213,Baker Beach,"From 1986-1990, the north end of Baker Beach was home to the Burning Man festival."
214,Balboa at 22nd Avenue,
215,Balmy Street (Mission District),
216,Bank of America (1455 Stockton Street),
217,Bank of America (38th Street at Balboa Street),"The Bank of America Building was the tallest building on the West Coast from 1969-1972, when it was surpassed by the TransAmerica Pyramid. Today, the Bank of America building is the 5th tallest building on the West Coast."
218,"Bank of America Building (555 California Street, Financial District)","The Bank of America Building was the tallest building on the West Coast from 1969-1972, when it was surpassed by the TransAmerica Pyramid. Today, the Bank of America building is the 5th tallest building on the West Coast."
219,Bank of America Building (555 California Street),"The Bank of America Building was the tallest building on the West Coast from 1969-1972, when it was surpassed by the TransAmerica Pyramid. Today, the Bank of America building is the 5th tallest building on the West Coast."
220,Barbary Coast,
221,Battery Spencer,
222,Battery Street (The Embarcadero),
223,Bay Bridge,"Before opening in 1936, the bridge was blessed by Cardinal Secretary of State Eugenio Pacelli, who later became Pope Pius XII."
224,Bay St. at Polk,
225,Bayshore Blvd near Cesar Chavez (Bayview),
226,Bechelli's Flower Market Café,
227,Belgravia Apartments (795 Sutter Street at Jones),
228,Belli Building (722 Montgomery Street at Washington),
229,"Bentley Reserve, 301 Battery Street",
230,"Benu Restaurant, 22 Hawthorne Street",
231,Bernal Heights Park,
232,"Bessie Charmichael Elementary School (375 Seventh Street, SOMA)",
233,"Billy Goat Hill, Castro St. & 30th St.",
234,"Bimbo's 365 Club (1025 Columbus Avenue, North Beach)",
235,Bix Restaurant (56 Gold Street),
236,"Blind Cat, 3050 24th Street, San Francisco","Pushing Dead won the Audience Award for  Frameline San Francisco International LGBTQ Film Festival
2016
"
237,Blooms Saloon (18th Street between Missouri and Texas Streets),
238,"Boulevard Restaurant, 1 Mission St.",
239,"Bowles Franklin Galleries (765 Beach Street, Fisherman's Wharf)",
240,Broadway (North Beach),
241,Broadway @ Jones Streets,
242,Broadway & Columbus,
243,Broadway & Sansome,
244,Broadway & Taylor,
245,Broadway and Columbus Avenue (North Beach),
246,Broadway and Kearney,
247,Broadway and Taylor St Intersection,
248,Broadway at Osgood Street (North Beach),
249,Broadway between Powell and Davis,
250,Broadway from Mason to Taylor,
251,Broadway Studios (435 Broadway at Montgomery Street),
252,Broadway Tunnel (Broadway between Powell and Larkin),
253,Broadway Tunnel (Russian Hill),
254,"Broadway, Between Franklin & Laguna Streets",
255,Brocklebank Apartments (1000 Mason Street),
256,Broderick from Fulton to McAlister,
257,Buena Vista Café (2765 Hyde Street),
258,Buena Vista East & Duboce,
259,Buena Vista Park,
260,Buena Vista Park (Haight Street at Buena Vista),
261,"Building 924, Presidio (Golden Gate National Recreation Area)",
262,"Burger Island (901 3rd Street, China Basin)",
263,"Burritt Alley (Off Bush Street, between Powell and Stockton Streets)",
264,Bush & Kearny,
265,Bush and Sutter Streets,
266,Bush St. at Stockton St.,
267,Bush Street (between Grant & Kearny Streets),
268,Bush Street at Jones,
269,Cable Car Signal Box (California Street at Powell Street),
270,Café Cantata (2040 Union Street),
271,Café Picaro 3120 16th Street,
272,Café Trieste (609 Vallejo),
273,Caffe Trieste,
274,Cal-Mart Supermarket,
275,Cala Foods (California Street and Hyde),
276,California @ Montgomery,
277,California & Davis St,
278,California & Grant Streets,
279,California & Hyde Streets,
280,California & Larkin Streets (Nob Hill),
281,California & Powell,
282,California Academy of Sciences (Golden Gate Park),"Founded in 1853, 3 years after California joined the United States, the Academy was originally named the California Academy of Natural Sciences and was the first institution of its kind in the United States."
283,California at Grant,
284,California at Jones,
285,California at Larkin,
286,California at Mason,
287,California between Kearney and Davis,
288,California between Leavenworth and Powell,
289,"California Hall (625 Polk Street, Van Ness/Civic Center)",
290,"California Palace of the Legion of Honor (34th Avenue & Clement, Lincoln Park)",
291,California St from Mason to Kearny,
292,California St from Taylor to Powell,
293,California St. between Drumm St. and Kearny St.,
294,California St. from Jones St. to Mason St.,
295,California Street between Front and Davis,
296,California Street between Sansome & Davis,
297,Candlestick Park,
298,Candlestick Park (602 Jamestown Ave.),"Then Vice President Richard Nixon threw out the first pitch when Candlestick opened in 1960. On August 29, 1966, The Beatles played their last concert for paying fans at Candlestick Park."
299,"Candlestick Park Exit, Highway 101",
300,Carl & Cole Streets (Cole Valley),
301,"Carnelian Room, Bank of America Building (555 California Street, 53rd Floor)",
302,Castagnola's Restaurant (Fisherman's Wharf),
303,Castle between Union and Green,
304,Castle Street @ Green Street,
305,Castro St. between 17th and 18th St.,
306,Castro St. between 21st an Hill St,
307,"Castro Theatre (429 Castro Street, The Castro)",
308,"Castro Theatre, 429 Castro St.",
309,"Cathedral Hill Hotel (1101 Van Ness Avenue, Civic Center)",
310,CCSF Alemany Campus,
311,"Center for the Arts, Yerba Buena Gardens (701 Mission Street)",
312,Cesar Chavez & Mission Street (Mission),
313,Chambord Apartments (1298 Sacramento Street at Jones),
314,Chase H & Q  (1 Bush Street at Sansome),
315,Chaya / Perry's 132 Embarcadero,
316,Chestnut & Divisadero Streets (Marina District),
317,Chestnut St. from Larkin to Columbus,
318,Chinatown,"First established in the mid-19th Century, SF's Chinatown is the oldest and largest Chinatown in the US."
319,Chinatown (Stockton @ Jackson & Jackson toward Grant,
320,Chinatown Gate,
321,Chouguet's (2500 Washington Street),
322,Chrissy Field,
323,Christopher's Books (1400 18th Street),
324,Church Street MUNI Station,
325,Citicorp Center (1 Sansome Street at Sutter),
326,City Club (155 Sansome Street),
327,City Hall,"The dome of SF's City Hall is almost a foot taller than that of the US Capitol Building. In 1954, Joe DiMaggio and Marilyn Monroe married at the Beaux Arts-style building."
328,City Light Bookstore (261 Columbus Avenue),
329,City Lights Bookstore (261 Columbus),
330,"City Lights Bookstore, 261 Columbus Ave.",
331,Civic Center Plaza,
332,Claire Lilienthal Elementary School,
333,Clarion Alley between Valencia & Mission St.,
334,Clarion Alley between Valencia and Mission,
335,Claude Lane at Bush Street,
336,Clay between Stockton and Grant,
337,Clay St. at Sansome,
338,Clay St. at Taylor,
339,"Clayton Post Office, 554 Clayton St.",
340,Clement St. from 5th and 7th Ave.,
341,Clement St. from 6th to 7th Ave.,
342,Clementina & Sumner Streets,
343,Cliff House (1090 Point Lobos Avenue),"In 1887, the Cliff House was severely damaged when the schooner Parallel, abandoned and loaded with dynamite, ran aground on the rocks below."
344,Coffee Dan's (O'Farrell Street at Powell),
345,Coi Restaurant (373 Broadway),
346,Coit Tower,"The Tower was funded by a gift bequeathed by Lillie Hitchcock Coit, a socialite who reportedly liked to chase fires. Though the tower resembles a firehose nozzle, it was not designed this way."
347,Columbus & Lombard Streets (North Beach),
348,Columbus & Pacific Ave,
349,Columbus Avenue at Green & Stockton,
350,Columbus between Bay and Washington,
351,Condor Club (Columbus and Broadway),
352,Conservatory of Flowers (Golden Gate Park),"The Conservatory, unveiled in 1879, is the oldest public conservatory in the Western Hemisphere."
353,"Conservatory of Flowers, Golden Gate Park",
354,Construction Site in front of 260 Stockton St. at Post St.,
355,Conzelman Rd at McCollough Rd and down Conzelman Rd.,Aerial shots
356,Corbett St.,
357,"Cordova Market, 301 Rolph Street, San Francisco",
358,Corona Heights Park,
359,Cost Plus World Market (2552 Taylor Street),
360,Cow Palace,
361,Crissy Field,
362,Curran Theater (445 Geary Street),Called the Shubert Theatre in the film.
363,Cybelle's Pizza (1000 Bush Street),
364,Danilo's Bakery (Green Street & Bannam Place),
365,Dante Building (1606 Stockton Street at Union),
366,Davies Symphony Hall (201 Van Ness Ave.),
367,"Department of Public Health (101 Grove Street at Polk, Civic Center)",
368,Dolores Park,
369,"Dolores Park, 20th St. between Church & Dolores St.",
370,"Double Happiness Health, 3380 20th Street",
371,Driving various SF Streets,
372,Duboce Park,
373,E Tutto Qua Restaurant (270 Columbus St.),
374,"Eber Electronics (2355 Market Street, Castro)",
375,Eddy & Taylor St.,
376,Edinburgh Castle (950 Geary Street),
377,El Camino Del Mar,
378,Elbo Room (647 Valencia Street),
379,"Ele Nino Traiing Cetner, 2920 3rd Street",
380,Embarcadero & Market,
381,Embarcadero & Washington,
382,Embarcadero between Pier 2 and Harrison,
383,Embarcadero Freeway,"Embarcadero Freeway, which was featured in the film was demolished in 1989 because of structural damage from the 1989 Loma Prieta Earthquake)"
384,Embarcadero from Broadway to Folsom,
385,Embarcadero Street,
386,Embarcadero Street Station- BART,
387,Enrico's Café (504 Broadway),
388,Epic Roasthouse,
389,Epic Roasthouse (399 Embarcadero),
390,Ernie's Restaurant (847 Montgomery Street),
391,"Eureka Arts Center, 4400 20th St.",
392,Europa Café (4318 California St. and 5th Ave.),
393,F Train,
394,"Fairmont Hotel (950 Mason Street, Nob Hill)","In 1945 the Fairmont hosted the United Nations Conference on International Organization as delegates arrived to draft a charter for the organization. The U.S. Secretary of State, Edward Stettinius drafted the charter in the hotel's Garden Room."
395,Farley's Café (1315 18th Street Near Missouri),
396,Ferry Building,"Every hour and half-hour, the clock bell atop the Ferry Building chimes portions of the Westminster Quarters."
397,Ferry Plaza,
398,"Fiesta Laundromat (898 S. Van Ness Ave., Mission)",
399,Filbert & Leavenworth Streets,
400,Filbert & Taylor Streets (Russian Hill),
401,Filbert and Kearny Steps,
402,Filbert between Grant and Kearny,
403,Filbert between Hyde and Jones,
404,Filbert between Leavenworth and Hyde,
405,Filbert St. & Leavenworth,
406,Filbert St. from Hyde to Leavenworth,
407,Filbert St. from Jones to Mason,
408,"Filbert Steps, Filbert Street",
409,Fillmore and Waller,
410,Fillmore between Haight and Waller,
411,Financial District,
412,Fior d' Italia (601 Union Street at Stockton),
413,Firestation #3 (Brazil Avenue and Athens Street),
414,Firestation #38 (California & Laguna),
415,First Bank (550 Montgomery Street at Commercial),
416,Fisherman's Wharf,
417,Fisherman's Wharf pier near Chapel (Port Walk #19),
418,Flint & 16th (Castro),
419,Flood Building (870 Market Street),
420,Fog City Diner (1300 Battery Street),
421,Folsom,
422,Folsom & Essex Streets,
423,Folsom Street (SOMA),
424,Folsom Street & Embarcadero,
425,"Foote, Cone & Belding (733 Front Street at Pacific)",
426,Foreign Cinema (2534 Mission),
427,Forest Hill Station- MUNI,
428,Former Hall of Justice (750 Kearny Street at Washington),
429,Fort Baker,
430,Fort Mason (Golden Gate National Recreation Area),
431,"Fort Point (Presidio, Golden Gate National Recreation Area)","Built in 1853, Fort Point is the only West Coast fort built by the Union Army. Though the Confederate army planned to attack San Francisco, the commanding Confederate general learned that the war had ended while end route to SF."
432,"Fort Point, Presidio",
433,Francisco St from Larkin to Polk,
434,Fremont Street Exit of Bay Bridge,
435,Front St. between Market and Clay,
436,Gabbiano's Restaurant (Ferry Building),
437,Gaspare's Pizza House (5546 Geary Blvd.),
438,Geary & 20th Ave,
439,Geary & 27th Ave,
440,Geary from 22nd Ave to Arguello,
441,Geary St. from Polk to Larkin,
442,George Washington High School (600 32nd Avenue ),
443,"Ghirardelli Square (900 North Point Street, Fisherman's Wharf)",
444,Gibb Street (Chinatown),
445,Glen Park Subway Station,
446,Glide Memorial Church (434 Ellis St),
447,Golden Dragon Restaurant (816 Washington Street at Grant),
448,Golden Gate & Steiner Streets (Hayes Valley),
449,Golden Gate Ave & Jones,
450,Golden Gate Bridge,"With 23 miles of ladders and 300,000 rivets in each tower, the Golden Gate Bridge was the world's longest span when it opened in 1937."
451,Golden Gate National Recreation Area,The size of the Recreation Area is over two and a half greater than that of the city and county of San Francisco.
452,Golden Gate Park,
453,Golden Gate Park Children's Playground,
454,Gough & Eddy Streets (Western Addition),
455,Grace Cathedral Episcopal Church (1100 California Street),Grace Cathedral Episcopal Church is the West Coast's largest Episcopalian cathedral.
456,"Grace Cathedral, 1100 California St.",
457,Grand View Ave.,
458,Grant & Washington St.,
459,Grant Ave from Sacramento to Clay,
460,Grant Avenue (North Beach),
461,Grant Avenue & Union Street,
462,Grant between Bush and Broadway,
463,Grant between Bush and Market,
464,Grant between California and Washington,
465,Grant between Sacramento and Jack Kerouac Alley,
466,Grant St. at Bush St.,
467,Grant Street at Pacific Avenue,
468,Green & Laguna Streets,
469,Green and Divisadero,
470,Green between Kearny and Montgomery,
471,Green St. & Grant Ave.,
472,Green Valley Restaurant (510 Green Street Near Grant),
473,Greenwich St at Battery St,
474,"Grove & Polk, thru Fulton & 6th, Masonic, 28th & 47th",
475,Haight St. at Central,
476,Hall of Justice,
477,Hall of Justice (850 Bryant Street),
478,Hamburger Haven,
479,Hamlin Hotel (385 Eddy Street),
480,Hancock School (940 Filbert Street),
481,Hang Ah Alley (Chinatown),
482,Harrison,
483,Harrison & 20th,
484,Harrison Street (The Embarcadero),
485,Harry's Bar on Fillmore,
486,Harvey Milk Plaza,
487,"Harvey Milk Plaza, 17th and Castro",
488,Hayes & Polk Streets (Civic Center),
489,Hayes Street at Laguna,
490,Hayes Street between Ashbury and Shrader,
491,"Hayes Valley Care (601 Laguna Street, Hayes Valley)",
492,Heald College,
493,Higher Grounds Coffee House,
494,Hills Brothers Plaza (Embarcadero at Harrison Street),
495,Hills Brothers Plaza (The Embarcadero at Harrison),
496,Hobart Building (582 Market Street),
497,Holiday Inn Select Downtown Hotel (750 Kearney Street),
498,Hooker Alley Garden on Mason between Bush & Pine,
499,Horace Mann School (3351 23rd Street),
500,Hotel Majestic (1500 Sutter Street),
501,Howard St. from Embarcadero to 11 St.,
502,Hunters Point,"With 23 miles of ladders and 300,000 rivets in each tower, the Golden Gate Bridge was the world's longest span when it opened in 1937."
503,"Huntington Park (California & Taylor Streets, Nob Hill)",
504,Hyatt Fisherman's Wharf (555 Northpoint Street),
505,Hyatt Hotel (555 North Point St.),
506,"Hyatt Regency Hotel (5 Embarcadero Center, Financial District)",
507,Hyatt Regency Hotel (5 Embarcadero Center),
508,Hyde at Union,
509,Hyde St. at Greenwich and Hyde St. at Lombard,
510,Hyde Street & Lombard Street,
511,Hyde Street Cable Car,SF Cable Cars are the only moving National Historical Landmark.
512,Hyde Street Pier,
513,Ina Coolbrith Park (1700 Taylor Street),
514,"Infield Batting Cages, 1888 Clement Street",
515,"International Studies Academy (993 Vermont Street, Potrero Hill)",
516,Intersection of Broadway at Kearney,
517,Intersection of California & Grant Streets (Richmond District),
518,Intersection of California at Polk,
519,Intersection of Clay St. and Walter U Lum Plc,
520,Intersection of Columbus & Kearney Streets,
521,Intersection of Columbus & Mason Streets,
522,Intersection of Columbus and Kearny,
523,Intersection of Fulton & 6th Streets (Chinatown),
524,Intersection of Grant & Fresno Streets (North Beach),
525,Intersection of Lombard and Hyde,
526,Intersection of York & Peralta (Bernal Heights),
527,Irving St. at 9th Ave.,
528,Jack Kerouac Alley between Columbus & Grant Streets,
529,Jackson St. at Spruce,
530,Jackson St. from Mason St. to Powell St.,
531,"Japanese Tea Garden (Hagiwara Tea Garden Drive, Golden Gate Park)","The Japanese Hagiwara family invented ""Chinese"" fortune cookies in the tea-garden"
532,"Japanese Tea Garden, Hagiwara Tea Garden Drive, Golden Gate Park","The Japanese Hagiwara family invented ""Chinese"" fortune cookies in the tea-garden"
533,"Java House (Pier 40, Embarcadero)",
534,Jefferson St. at Powell St.,
535,John Muir Drive (Lake Merced),
536,John Shelley Drive John McLaren Park,
537,Jones @ Broadway,
538,Jones & Pacific,
539,Jones Street at Bush,
540,"Julia Morgan Ballroom at the Merchant's Exchange Building, 465 California St.",
541,Justin Herman Plaza,
542,Kansas St at 17th St.,
543,Kearney & Pine St.,
544,Kearney Street (Telegraph Hill),
545,Kearny & Pacific Streets,
546,Kennedy Hotel (226 Embarcadero at Howard Street),
547,"Kezar Stadium, Golden Gate Park",
548,"KGO-TV ABC7 TV Studios (900 Front Street, Waterfront Historic District)",
549,Kohl Building (400 Montgomery Street),
550,Koshland Park,
551,La Bodega (1332 Grant Avenue at Vallejo),
552,La Rondalla (Valencia and 20th Streets),
553,"La Taqueria, 2889 Mission St.",
554,Lafayette Park (Pacific Heights),
555,Laguna & Sacramento Streets (Pacific Heights),
556,Laguna Honda Hospital,
557,"Laguna Honda Hospital, 375 Laguna Honda Blvd.",
558,Lands End Trail at Eagles Point/ Lincoln Park Golf Course,The character of Steve McKee was based on actor Steve McQueen who studied with Bruce Lee in the later 60's.
559,Larkin & Chestnut Streets (Russian Hill),
560,Larkin & Francisco Streets (Russian Hill),
561,Larkin & Hyde Streets,
562,Leavenworth at Green,
563,Leavenworth at Union,
564,Leavenworth from Filbert & Francisco St,
565,"Lefty O' Doul Drawbridge/ 3rd Street Bridge (3rd Street, China Basin)",
566,"Legion of Honor, 100 34th Ave",
567,"Li Po (916 Grant Avenue at Washington, Chinatown)",
568,Lincoln Park,
569,Lombard & Broderick Streets (Marina District),
570,Lombard & Divisadero Streets (Marina District),
571,Lombard & Fillmore Streets (Marina District),
572,Lombard & Hyde,
573,Lombard & Hyde Streets,
574,Lombard & Laguna Streets (Marina District),
575,Lombard at Hyde,
576,Lombard Street,Lombard Street is not actually the most crooked in SF. That honor goes to Potrero Hill's Vermont Street between 22nd and 23rd.
577,Lombard Street between Hyde and Leavenworth,
578,Love Street Vintage (1506 Haight & adjacent Haight sidewalk_,
579,Lower Haight Street,
580,Lyon at Chestnut St.,
581,M.H. de Young Memorial Museum (Golden Gate Park),
582,"Macchiarini Steps, Kearny between Vallejo and Broadway",
583,"Magic Theater (Fort Mason, Golden Gate National Recreation Area)","Constructed in 1864 as a coastal defense site, Fort Mason went on to serve as an army post for more than 100 years."
584,Maiden Lane,
585,Mama's Restaurant (1701 Stockton),
586,Mandarin Theatre (1021 Grant Avenue),
587,Manor West (750 Harrison St.),
588,Mansell & University Streets (Visitacion  Valley),
589,Marathon Plaza (303 2nd Street),
590,Marina Blvd from Laguna to Baker,
591,Marina Green,
592,Marina Green (Marina District),
593,"Marina Green, Marina District","Before the 1906 earthquake, the land on which Marina Green sits was a tidal marsh, and rubble from the earthquake was dumped on the site. However, the site was filled in to provide land for the 1915 Panama-Pacific Exhibition."
594,"Marina Morrison Bridal, 30 Maiden Ln.",
595,Marine Fireman's Union Headquarters,
596,Mario's Bohemian Cigar Store (Washington Square),
597,"Maritime Museum, Building 201 (Fort Mason)",
598,Mark Hopkins Hotel (999 California Street),
599,"Mark Hopkins Intercontinental Hotel (1 Nob Hill Circle, Nob Hill)",The Top of the Mark lounge and restaurant at the top of the hotel was formerly a penthouse suite.
600,Mark Hopkins Intercontinental Hotel (1 Nob Hill Circle),
601,Market & 2nd Streets,
602,Market & Castro Street,
603,Market & Steuart Streets (Financial District),
604,Market at Mason,
605,Market between Stuart and Van Ness,
606,Market St. at Embarcadero area,
607,Market St. overpass,
608,Market Street,
609,Market Street (from 6th- 4th Streets),
610,Market Street Between Noe and Sanchez,
611,Marquee Lofts (1000 Van Ness Avenue at Alice B. Toklas Place),
612,Marriot Hotel (55 4th Street at Market),
613,"Marriott Marquis, 780 Mission Street",
614,Mason & California Streets (Nob Hill),
615,Mason & Sacramento St,
616,Mason St from Pine to Sacramento,
617,Mason Street @ Vallejo,
618,Mason Street at Jackson,
619,"Matching Half Café, 1799 McAllister Street",
620,McAllister & Scott Streets (Hayes Valley),
621,"McCovey Point, China Basin Park (24 Willy Mays Plaza)",
622,"McDonald's Restaurant (701 3rd Street, SOMA)",
623,McLaren Lodge,
624,McLaren Park (Visitacion  Valley),
625,Mecca Restaurant (2029 Market Street),
626,"Mel's Drive-In (Corner of Van Ness & Mission Street, Mission District)",This restaurant location was demolished
627,Mel's Drive-In (Corner South Van Ness & Mission St.),
628,Merchant Exchange (465 California Street at Leidesdorff),
629,Merchant Exchange Building,
630,Merchant Exchange Building (465 California Street),
631,"Mirant Energy, LLC (1301 Illinois Street, The Dogpatch)",
632,Mission & Beal,
633,Mission & Fremont St,
634,Mission at 1st and 2nd,
635,Mission between 19th and 25th St.,
636,Mission between 3rd and 4th St.,
637,Mission Creek Harbor along Channel St.,
638,"Mission Dolores (3321 16th Street, Mission District)","Mission Dolores' official name is Mission San Francisco de Assis. It is the oldest building in San Francisco, built in 1791, and has survived two major earthquakes."
639,Mission Dolores Park (Mission District),
640,Mission Dolores Park (Mission District) via J-Church MUNI Train,"The two land plots that comprise the Park were used as a Jewish cemetery until 1894 when San Francisco prohibited all burials within city limits. The graves were moved to Colma, CA."
641,"Mission Dolores Park, 19th St. & Dolores St.","After the devastating earthquake of 1906, the park served as a refugee camp for more than 1600 families who lost their home in the disaster."
642,Mission Inn (5630 Mission St),
643,"Mission Neibhrohood Health Cetner, 240 Shotweel Street",
644,Mission San Juan Bautista (2nd & Mariposa Streets),
645,Mission St and 5th St,
646,"Mission St., Embarcadero, and Front between Clay and Market",
647,Mission Street,
648,"Mission Thrift, 2330 Mission St.",
649,Mojito (1337-1339 Grant Avenue),
650,Montgomery & Market Streets,
651,Montgomery & Pine Streets (Financial District),
652,Montgomery & Vallejo Streets,
653,Montgomery & Vallejo Streets (Telegraph Hill),
654,Montgomery and Union St.,
655,Montgomery between California and Pine,
656,Montgomery between Green and Broadway,
657,Montgomery Street at Post Street,
658,Montgomery Street at Union Street,
659,Montgomery/Green,
660,Moose's Restaurant (1652 Stockton),
661,Moscone Convention Center,
662,Motel Capri,
663,Mt. Davidson,
664,"Mt. Davidson Cross, Mt. Davidson",
665,"Mudpie, 2185 Fillmore Street",
666,Muni Metro East (501 Cesar Chavez),
667,"Musee Mecanique, Fisherman's Wharf",
668,"Nam Yuen Restaurant (740 Washington Street, Chinatown)",
669,"Near Point Lobos, El Camino Del Mar",
670,"Neiman Marcus (150 Stockton Street, Union Square)",
671,New Asia Restaurant (772 Pacific Avenue at Grant),
672,New Russian Hill Market (1198 Pacific Avenue at Jones),
673,New Taraval Café (1054 Taraval St.),
674,Nina M. Designs (52 2nd Street at Jessie),
675,Nob Hill,
676,Nobles Alley,
677,North Beach,
678,North Beach Video (1398 Grant Avenue at Green),
679,O'Farrell & Jones Streets,
680,Oasis Nightclub (298 11th St),
681,Ocean Beach,"On Jan. 25, 1878, the King Philip ship crashed in Ocean Beach. Occasionally, the ship's wreckage may be found on the beach-- most recently it was seen in 2007."
682,Ocean Beach @ Balboa,
683,Ocean Beach at Lincoln,
684,Ocean Beach at Point Lobos,
685,Ocean Beach Motel (2690 46th Ave.),
686,Octavia & Hayes Streets (Hayes Valley),
687,Octavia at Grove Street,
688,Old St. Mary's Church (660 California Street at Grant),
689,"On Board the SS President Cleveland, docked at Pier 50",
690,One Embarcadero Center (Financial District),
691,One Thousand Powell Apartments (1000 Powell Street),
692,"Outpost Studios, 69 Green Street",
693,Pacific & Divisadero,
694,"Pacific Heights Towers (2200 Sacramento Street, Pacific Heights)",
695,Pacific Stock Exchange,
696,Pacific Stock Exchange (301 Pine Street at Sansome),
697,Palace of Fine Arts,
698,Palace of Fine Arts (3301 Lyon Street),"The original Palace was built for the 1915 Panama-Pacific Exposition, and completely destroyed in 1964. It was rebuilt in 1965."
699,Palace of Fine Arts: 3306 Lyon St.,
700,Park Hill Sanatorium (351 Buena Vista Avenue East),
701,Pier 1,
702,Pier 14,
703,Pier 14 San Francisco,
704,Pier 24,
705,Pier 3 (The Embarcadero),
706,Pier 33 (Embarcadero),
707,"Pier 38-40, The Embarcadero",
708,Pier 39,
709,Pier 39 (Fisherman's Wharf),
710,Pier 39 San Francisco,
711,Pier 41,
712,Pier 43,
713,Pier 43 1/2,
714,Pier 45 - Jeremiah O'Brien Liberty Ship,
715,Pier 50- end of the pier,
716,Pier 7 (The Embarcadero),
717,Pier 7/ Embarcadero,
718,Pierce & California Streets (Pacific Heights),
719,Pierce St. & Golden Gate Avenue (Hayes Valley),
720,Pierce Street between Pacific & Green Streets,
721,Piers 30-32,
722,Pine and Leavenworth,
723,Pine between Kearney and Davis,
724,Pine St. & Davis St,
725,Pine St. & Grant,
726,Pine St. between Market and Kearny,
727,Pine St. between Market and Montgomery,
728,Pioneer Park at Coit Tower,
729,Plate Shots SF streets various,
730,Players Arcade at Pier 39,
731,Pleasant Street at Taylor,
732,Polk & Larkin Streets,
733,Polk and Northpoint St.,
734,Port of San Francisco,
735,Portsmouth Square (Chinatown),
736,Post & Jones St.,
737,"Postcard Row (Alamo Square, Hayes Valley)",The 6 Victorian homes across from Alamo Square Park are among the few Victorians to survive the Great Fire.
738,"Postcard Row, Alamo Square, Hayes Valley",
739,Potrero &San Bruno,
740,Potrero Hill,
741,Potrero Hill Bathhouse & Feed Co. (199 Mississippi Street),
742,Powell & California Streets,
743,Powell and Geary Streets (Union Square),"The pet shop featured in the film does not exist, but was based on the now-closed Robison's House of Pets formerly located on Maiden Lane."
744,Powell from Bush and Sutter,
745,Powell St at Geary St,
746,Powell St. at Market St.,
747,Powell St. from California St. to Sutter St.,
748,Powell St. from Geary to Sacramento,
749,Powell Street,
750,Presidio (Golden Gate National Recreation Area),
751,Presidio Branch Library,
752,"Presidio, Golden Gate National Recreation Area",
753,Project Artaud (Florida Street),
754,Prudente's Italian Deli (1462 Grant Ave at Union),
755,"Public Health Service Hospital (Presidio, Golden Gate National Recreation Area)",
756,Rainforest Café (145 Jefferson Street),
757,"Ramada Plaza Hotel Downtown (1231 Market Street, Civic Center)",
758,Randall Museum,
759,Raw Hide II (280 Seventh Street),
760,Real Guitars,
761,"Red's Java House (Pier 30-32, The Embarcadero)",
762,Regency Building (1290 Sutter Street),
763,Ritz-Carlton Hotel (600 Stockton Street),
764,Roaring Twenties Nightclub (555 Broadway at Columbus),
765,Rocco's Corner (Columbus Street),
766,Romain St.,
767,Romolo Place @ Fresno St.,
768,Roof of Cable Car (California at Front Street),
769,Ross Alley (Chinatown),Ross Alley is the oldest alley in San Francisco.
770,Roxie Theater (3117 16th St.),
771,"Royan Hotel (405 Valencia Street, Mission District)",
772,S. Van Ness,
773,S.S. Jeremiah O'Brien,
774,Sacramento & Front St.,
775,Sacramento & Hyde Streets (Nob Hill),
776,Sacramento & Montgomery Streets,
777,Sacramento & Washington Streets,
778,"Sacramento St., Between Pierce & Broderick Streets",
779,Saints Peter & Paul Church,
780,"Saks Fifth Avenue (384 Post Street, Union Square)",
781,San Francisco - Oakland Bay Bridge,
782,San Francisco Airport,
783,San Francisco Art Institute (800 Chestnut Street),
784,San Francisco Bay,
785,San Francisco Chronicle (901 Mission Street at 15th Street),
786,San Francisco City Hall,
787,"San Francisco City Hall, 1 Dr. Carlton B. Goodlett Pl.",
788,San Francisco Drydock (20th and Illinois Streets),
789,San Francisco Drydock (The Dogpatch),
790,"San Francisco Fire Station 38 (2150 California Street, Pacific Heights)",
791,"San Francisco General Hospital Medical Center (1001 Potrero Avenue, Potrero Hill)",
792,San Francisco Hilton (333 O'Farrell Street),
793,San Francisco International Airport,SFO has a museum dedicated to aviation history.
794,"San Francisco National Military Cemetery (Lincoln Blvd., The Presidio, Golden Gate National Recreation Center)",
795,San Francisco Public Library Main Branch (100 Larkin Street),
796,San Francisco Zoo (2701 Sloat Blvd.),
797,Sanchez/Cumberland steps and sidewalks,
798,Sansome (Washington to Bush) Pine (Davis to Kearny) Bush: Kearny to Battery,
799,Sansome Street (The Embarcadero),
800,SF Chronicle Building (901 Mission St),
801,"SF General Hospital Center (1001 Potrero Avenue, Potrero Hill)",
802,SFO International Airport Terminal 3,
803,"Sheraton Palace Hotel (2 Montgomery Street, Financial District)",
804,Sheraton Palace Hotel (639 Market Street),
805,"Silver Restaurant (737 Washington Street, Chinatown)",
806,skyline/ exterior scenes,
807,Sokoji-Soto Zen Buddhist Temple (1691 Laguna Street),
808,Sound Factory (1st and Harrison Streets),
809,South Park,
810,"South Park (Between 2nd and 3rd Streets, Brannan and Bryant Streets)",
811,Southern Pacific Memorial Hospital (1400 Fell Street),
812,SPECS' Twelve Adler Museum Café,
813,Spofford between Clay and Washington,
814,Spofford between Washington and Clay,
815,"Spreckels Mansion (2080 Washington Street, Pacific Heights)",
816,Spring Valley School (1451 Jackson Street),
817,"St Regis Hotel, 125 3rd Street",
818,St. Elizabeth Apartment House (901 Powell Street at Sacramento),
819,St. Francis Episcopal Church (399 San Fernando Way),
820,St. John's Presbyterian Church (25 Lake Street),
821,"St. Paul's Church (Church Street, Noe Valley)",
822,"St. Peter & Paul's Church (666 Filbert Street, Washington Square)","Though Marilyn Monroe and Joe DiMaggio were not allowed to be married at the Church (DiMaggio had married his first wife at the Church but was divorced), the couple returned to the steps of the Church for photos, following their City Hall nuptials."
823,"Stage Work, 47 Julian St.",
824,Stanyan & Belgrave,
825,Star's Café (55 Golden Gate Avenue at Van Ness),
826,"Steinhart Aquarium (California Academy of Sciences, Golden Gate Park)","The Steinhart Aquarium is home to over 38,000 animals, which represent more than 900 species."
827,Stockton & Clay St,
828,Stockton Tunnel (Stockton Street at Sutter Street),"Opened in 1914, the Stockton Tunnel was built to provide North Beach residents access to the thriving downtown area."
829,"Stockton Tunnel Southern Approach Overhang (Bush & Stockton Streets, Chinatown)",
830,Surf Theater (4520 Irving Street),
831,Sutro Baths (Point Lobos Avenue),
832,Sutter & Baker Streets,
833,Sutter & Buchannan Streets,
834,Sutter & Webster Streets,
835,Sutter Stockton Garage,
836,Sutter Street between Powell and Mason,
837,Sutter-Stockton Garage (330 Sutter Street at Stockton),
838,Sutter-Stockton Garage (444  Stockton),
839,Swedenborgian Church (2107 Lyon Street),
840,Tank Hill Park,
841,Taylor & Green St.,
842,Taylor & Vallejo Streets (Russian Hill),
843,Taylor and Jefferson Streets (Fisherman's Wharf),
844,Taylor and Union,
845,Taylor St. from Broadway to Filbert,
846,Telegraph Hill,"Largely untouched by the 1906 earthquake, Telegraph Hill has the most pre-1870 buildings in the city."
847,Telegraph Hill Blvd (Telegraph Hill),
848,Texas & 19th Streets (Potrero Hill),
849,"The 500 Club (500 Guerrero Street, Mission District)",
850,The Barbary Coast,"The Barbary Coast was a red-light district that was largely destroyed in the 1906 earthquake. Though some of the establishments were rebuilt after the earthquake, an anti-vice campaign put the establishments out of business."
851,"The Cannery (281 Leavenworth Street, Fisherman's Wharf)",
852,The Castro,"From 1910-1920 the Castro was called ""Little Scandinavia"" because of its high concentration of residents of Scandinavian ancestry."
853,"The Castro Theater, 429 Castro St.",
854,The Embarcadero,
855,The Embarcadero/ Ferry Building,
856,The Embarcadero/Ferry Building,
857,The Ferry Building,
858,The Final Final (2990 Baker Street),
859,The Lexington Club (3464 19th Street at Lexington),
860,The Magazine at 920 Larkin,
861,The Malloch Apartment Building (1360 Montgomery Street),
862,The Marsh Theatre (1062 Valencia Street),
863,"The Music Concourse (Martin Luther King, Jr. Drive, Golden Gate Park)",
864,The Ramp Restaurant,
865,The Royal Oak,
866,The Saloon (1232 Grant Avenue),
867,The San Francisco Bay,
868,The San Francisco School (300 Gavin St.),
869,The Sea Captain's Chest (Fisherman's Wharf),
870,The Tamalpais Building (1201 Greenwich Street at Hyde),
871,"The Walden House, Buena Vista Park","Established in 1867, Buena Vista Park is the oldest official park in San Francisco."
872,"The Women's Building, 3543 18th St.",
873,Tonga Room,
874,Tonic,
875,"Tosca Café (242 Columbus Avenue, North Beach)",
876,Tosca Café (242 Columbus Avenue),
877,Transamerica Building (600 Montgomery Street at Clay),
878,TransAmerica Pyramid (600 Montgomery Street),
879,Transbay Terminal (Mission Street at 1st Street),"Built in 1939, the Terminal linked San Francisco, the East Bay, and Sacramento by rail for the first time."
880,Treasure Island,"An artificial island, Treasure Island was created for the 1939 Golden Gate International Exposition, and is named after the novel by Robert Louis Stevenson, a one-time San Francisco resident."
881,"Treasure Island, Building #1, Ave of the Palms",
882,Triton Hotel (342 Grant Street),
883,Trolley Car from Market and 11th,
884,Turk St between Lyon and Baker St,
885,Turk Street between Mason & Leavenworth,
886,Turk Street between Steiner and Scott Streets,
887,Twin Peaks,
888,"Twin Peaks Bar, 401 Castro",
889,Twin Peaks Blvd.,
890,UCSF Mt Zion 1600 Divisadero,
891,Under Highway 101 (near Potrero and Cesar Chavez Streets),
892,"Underground SF, 424 Haight St.",
893,Union Square,
894,Unitarian Church (1187 Franklin St.),
895,United Nations Plaza,
896,United Nations Plaza (Civic Center),
897,University Club,
898,University of California Hastings College of the Law,
899,"Uva Enoteca, 568 Haight Street",
900,Vaillancourt Fountain (Justin Herman Plaza),
901,Vallejo Garage Roof (Vallejo at Powell),
902,"Vallejo St. Garage, 766 Vallejo St.",
903,Vallejo Street at Sansome,
904,Vallejo Street Garage,
905,Van Ness and 12th St.,
906,Van Ness Avenue,
907,Van Ness between Fell and Lombard,
908,Varennes Alley between Filbert and Union,
909,Variety Preview Room (582 Market St.),
910,Various Haight St. Vintage Shops,
911,Various locations in San Francisco during driving scene,
912,Vermont Street between 20th and 22nd Streets,
913,Vesuvio Café (255 Columbus Avenue),Jack Kerouac was a regular at the café.
914,Veterans' War Memorial Building (401 Van Ness Avenue),
915,"Victor's Restaurant, The Westin St. Francis Hotel (335 Powell Street)",
916,Victoria Theatre,
917,War Memorial Building (401 Van Ness Avenue),
918,War Memorial Opera House (401 Van Ness Avenue),In 1945 the United Nations had its first conference at The War Memorial Opera House.
919,Washington between Stockton and Kearny,
920,Washington Square,
921,Washington Square (North Beach),
922,Washington Square Bar & Grill (1707 Powell),
923,"Washington Square Park (Filbert, between Stockton and Powell)",
924,Washington Square Park (North Beach),
925,"Washington Square, North Beach",
926,Washington Street & Waverly Place (Chinatown),
927,Wasteland Store (1600 Haight Street),
928,Water work in SF Bay,
929,Waverly Pl between Washington and Sacramento,
930,Way Faire Inn on Leidesdorff,
931,Webster Street,
932,"Wells Fargo Bank (1 California Street, Financial District)",
933,"West Chrissy Field (Presidio, Golden Gate National Recreation Area)",This movie was the first to film in the revamped Chrissy Field Picnic Area.
934,"West Harbor, Marina District",
935,"Westerfeld House, 1198 Fulton St.","In the 1940's, the house became a 14-unit apartment building that housed jazz musicians including John Handy. This location serves as the hideout for the San Francisco-based character Nomi."
936,"Westin St. Francis Hotel (335 Powell Street, Union Square)","The hotel was originally supposed to be named the Crocker Hotel, after Charles Founder the railroad magnate who founded it. However, the hotel took the name the St. Francis after one of the earliest Gold Rush hotels."
937,Westin St. Francis Hotel (335 Powell Street),
938,Wine Impression,
939,"Women's Building, 3543 18th St.",Roma Guy was one of the founders of the Women's Building
940,Yerba Buena Center for the Arts,
941,Yerba Buena Gardens,
942,Yerba Buena Island,
943,York & 24th St.,
944,York Hotel (940 Sutter Street),
945,Z Space Studios,
