ID,Name,Fun Facts
0,Epic Roasthouse (399 Embarcadero),
1373,Mason & California Streets (Nob Hill),
1486,Justin Herman Plaza,
3,200 block Market Street,
1562,City Hall,
5,Polk & Larkin Streets,
6,Randall Museum,
7,555 Market St.,
1584,,
9,"The Walden House, Buena Vista Park","Established in 1867, Buena Vista Park is the oldest official park in San Francisco."
10,Café Trieste (609 Vallejo),"Francis Ford Coppola allegedly wrote large portions of ""The Godfather"" trilogy in Café Trieste."
12,Rainforest Café (145 Jefferson Street),
13,20th and Folsom Streets,
1491,Golden Gate Park,"During San Francisco's Gold Rush era, the Park was part of an area designated as the ""Great Sand Waste"". "
836,Embarcadero Freeway,"Embarcadero Freeway, which was featured in the film was demolished in 1989 because of structural damage from the 1989 Loma Prieta Earthquake)"
1536,"Fairmont Hotel (950 Mason Street, Nob Hill)","In 1945 the Fairmont hosted the United Nations Conference on International Organization as delegates arrived to draft a charter for the organization. The U.S. Secretary of State, Edward Stettinius drafted the charter in the hotel's Garden Room."
1165,San Francisco Chronicle (901 Mission Street at 15th Street),The San Francisco Zodiac Killer of the late 1960s sent his notes and letters to the Chronicle's offices.
18,Broadway (North Beach),
19,75 California Street,
1468,Grace Cathedral Episcopal Church (1100 California Street),Grace Cathedral Episcopal Church is the West Coast's largest Episcopalian cathedral.
21,Hills Brothers Plaza (Embarcadero at Harrison Street),
829,San Francisco International Airport,SFO has a museum dedicated to aviation history. 
24,Port of San Francisco ,
25,420 Jones St. at Ellis St.,
1363,"Lefty O' Doul Drawbridge/ 3rd Street Bridge (3rd Street, China Basin)","This is SF's only drawbridge, and was named after Francis Joseph ""Lefty"" O'Doul, a local baseball hero."
1492,Golden Gate Bridge,"With 23 miles of ladders and 300,000 rivets in each tower, the Golden Gate Bridge was the world's longest span when it opened in 1937."
509,Potrero Hill,The most crooked street in San Francisco is actually Potrero Hill's Vermont Street between 20th St & 22nd St.
1551,Chinatown,"First established in the mid-19th Century, SF's Chinatown is the oldest and largest Chinatown in the US."
32,"Burger Island (901 3rd Street, China Basin)",
33,Van Ness Avenue,
34,Taylor and Jefferson Streets (Fisherman's Wharf),
35,Broderick from Fulton to McAlister,
36,Crissy Field,
37,Powell from Bush and Sutter,
1455,Coit Tower,"The Tower was funded by a gift bequeathed by Lillie Hitchcock Coit, a socialite who reportedly liked to chase fires. Though the tower resembles a firehose nozzle, it was not designed this way."
39,Pier 50- end of the pier,
40,California @ Montgomery,
41,Montgomery/Green,
42,Driving various SF Streets,
43,Plate Shots SF streets various,
44,Filbert St. from Jones to Mason,
45,Leavenworth from Filbert & Francisco St,
46,Chestnut St. from Larkin to Columbus,
47,Francisco St from Larkin to Polk,
48,Broadway from Mason to Taylor,
49,Taylor St. from Broadway to Filbert,
50,Broadway between Powell and Davis,Driving shots
1438,Cliff House (1090 Point Lobos Avenue),"In 1887, the Cliff House was severely damaged when the schooner Parallel, abandoned and loaded with dynamite, ran aground on the rocks below."
52,San Francisco Bay,
54,Curran Theater (445 Geary Street),Called the Shubert Theatre in the film. 
55,"Mel's Drive-In (Corner of Van Ness & Mission Street, Mission District)",This restaurant location was demolished; however another Mel's was reopened in 1986 on 3355 Geary Blvd. 
56,3355 Geary Blvd.,
58,St. Francis Episcopal Church (399 San Fernando Way),
59,Romolo Place @ Fresno St.,
672,Palace of Fine Arts,
61,John Shelley Drive John McLaren Park,
1544,Treasure Island,
63,The San Francisco School (300 Gavin St.),
64,33 Spruce St,
65,Coi Restaurant (373 Broadway),
66,Foreign Cinema (2534 Mission),
67,Bernal Heights Park,
68,Jackson St. at Spruce,
69,679 Madrid St,
70,Roxie Theater (3117 16th St.),
71,Variety Preview Room (582 Market St.),
1099,Laguna Honda Hospital; 375 Laguna Honda Blvd.,
73,3232 Jackson Ave.,
74,20th St and Illinois/Faxon St. and Kenwood/Glenbrook at Mt. Springs,
76,Conzelman Rd at McCollough Rd and down Conzelman Rd.,Aerial shots
77,Lombard at Hyde,
78,601 Buena Vista Ave West at Java St.,
79,Columbus between Bay and Washington,Driving shots
80,California between Kearney and Davis,Driving shots
81,Pine between Kearney and Davis,Driving shots
82,Market between Stuart and Van Ness,Driving shots
141,Grant between Bush and Broadway,Driving shots
84,Intersection of Broadway at Kearney,Driving shots
85,Intersection of California at Polk,Driving shots
86,"Treasure Island, Building #1, Ave of the Palms",Aerial and exterior shots
87,Ocean Beach,"On Jan. 25, 1878, the King Philip ship crashed in Ocean Beach. Occasionally, the ship's wreckage may be found on the beach-- most recently it was seen in 2007. "
992,Hyde Street Cable Car,SF Cable Cars are the only moving National Historical Landmark.
90,Fort 1,
91,"The Holding Company (now called Patriot House Pub), 2 Embarcadero Ctr, San Francisco, CA 94111","""Loose Lips Loose Tips"""
92,"Park 77 (now called The Lister Bar), 77 Cambon Dr, San Francisco, CA 94132","""Sticky Situation"""
93,"Sam Jordan's Bar and Grill, 4004 3rd St, San Francisco, CA 94124","""Gettin' Jigger With It,"" Named after it's founder who was a light-heavyweight boxing champion, Navy veteran, activist and first African-American to run for Mayor (coming in 3rd out of 8), this was also the first African-American owned bar and received historic landmark status in 2013."
95,Yerba Buena Center for the Arts,
1416,Transbay Terminal (Mission Street at 1st Street),"Built in 1939, the Terminal linked San Francisco, the East Bay, and Sacramento by rail for the first time."
97,Tosca Café (242 Columbus Avenue),
1400,"Steinhart Aquarium (California Academy of Sciences, Golden Gate Park)","The Steinhart Aquarium is home to over 38,000 animals, which represent more than 900 species. "
99,Raw Hide II (280 Seventh Street),
1471,Pier 7 (The Embarcadero),
101,Kearney Street (Telegraph Hill),
1321,Hall of Justice (850 Bryant Street),
103,2930 Vallejo Street,
105,F Train,
106,Gibb Street (Chinatown),
107,1158-70 Montgomery Street,
108,2104 Broadway,
110,1155 Filbert Street at Hyde,
111,"Washington Square Park (Filbert, between Stockton and Powell)",
112,Vaillancourt Fountain (Justin Herman Plaza),"Installed in 1975, the Vaillancourt Fountain is officially titled, ""Québec Libre!"". The night before the sculpture's inauguration, artist Armand Vaillancourt inscribed ""Québec libre!"" in red letters on the sculpture. The next day when he noticed that the note had been erased, Vaillancourt jumped on the statue to re-inscribe his message. "
1413,Montgomery & Market Streets,
119,"Postcard Row, Alamo Square, Hayes Valley",The 6 Victorian homes across from Alamo Square Park are among the few Victorians to survive the Great Fire.
121,Nobles Alley,
122,Caffe Trieste,
124,1101 Filbert St. ,
125,Saints Peter & Paul Church,
126,Green St. & Grant Ave.,
127,Filbert St. & Leavenworth,
128,Pine St. & Grant,
129,Way Faire Inn on Leidesdorff,
130,Harry's Bar on Fillmore,
1522,"Tosca Café (242 Columbus Avenue, North Beach)",
1457,Alcatraz Island,Alcatraz Island was a military fort before it became a prison.
983,Pier 43 1/2,
135,Lands End Trail at Eagles Point/ Lincoln Park Golf Course,The character of Steve McKee was based on actor Steve McQueen who studied with Bruce Lee in the later 60's.
136,Pier 45 - Jeremiah O'Brien Liberty Ship,The SS Jeremiah O'Brien is a rare survivor of the invasion at Normandy on D-Day in WWII.
137,Leavenworth at Green,
138,Leavenworth at Union,
139,Hyde at Union,
140,California at Grant,
142,California at Mason,
143,Spofford between Clay and Washington,
144,Twin Peaks Blvd.,
145,Waverly Pl between Washington and Sacramento,
146,Jones & Pacific,
147,Pacific & Divisadero,
148,Lombard & Hyde,
149,5546 Geary Ave,
150,2898 Broadway,
151,Motel Capri,
152,Marina Green,
153,Ocean Beach at Lincoln,
154,Heald College,
155,Marina Blvd from Laguna to Baker,
156,330 Santa Clara Ave.,
157,200 Post St. ,
158,2179 48th Ave,
159,The Ramp Restaurant,
160,303-305 S. Van Ness,
161,3563 20th St.,
162,Taylor & Green St.,
163,Grant & Washington St.,
164,2934 24th St.,
165,1138 Alabama St,
166,South Park,
167,2915 16th St.,
168,Trolley Car from Market and 11th,
169,Real Guitars,
170,Aub Zam Zam Bar,
171,790 Ulloa ,
172,SFO International Airport Terminal 3,
173,2178 Palou Ave.,
174,1122 Folsom Street,
1547,"St. Peter & Paul's Church (666 Filbert Street, Washington Square)","Though Marilyn Monroe and Joe DiMaggio were not allowed to be married at the Church (DiMaggio had married his first wife at the Church but was divorced), the couple returned to the steps of the Church for photos, following their City Hall nuptials."
1436,Fisherman's Wharf,"Supposedly, Mikhail S. Gorbachev has said that his favorite part of visiting America was touring Fisherman's Wharf."
1428,Ferry Building,"Every hour and half-hour, the clock bell atop the Ferry Building chimes portions of the Westminster Quarters."
1204,Lombard Street,Lombard Street is not actually the most crooked in SF. That honor goes to Potrero Hill's Vermont Street between 22nd and 23rd.
993,Aquatic Park (Jefferson Street),"Located at one end of Fisherman's Wharf, Aquatic Park was built as part of FDR's Works Progress Administration Project."
185,628 Cole Street,
186,Ina Coolbrith Park (1700 Taylor Street),
187,0-100 block Halleck Street,
188,3050 24th Street,
189,3033 24th Street,
190,2937 24th Street,
191,1167 Alabama Street,
192,1641 York Street,
193,Bernal Heights Boulevard,
194,40 Prentiss Street,
195,500 Cortland Avenue,
196,Lucky Street,
197,1125 Guerrero Street,
198,Gough Street & Clay Street,
199,2007 Franklin Street,
200,951 Hudson Avenue,
201,Bayshore Blvd near Cesar Chavez (Bayview),
202,Taylor & Vallejo Streets (Russian Hill),
1500,"SF General Hospital Center (1001 Potrero Avenue, Potrero Hill)",SF General Hospital is the only Level I Trauma Center serving San Francisco and northern San Mateo County. 
204,McLaren Park (Visitacion  Valley),"McLaren Park is the 2nd largest park in San Francisco, after Golden Gate Park."
205,Mark Hopkins Hotel (999 California Street),The Top of the Mark lounge and restaurant at the top of the hotel was formerly a penthouse suite.
1504,Marina Green (Marina District),"Before the 1906 earthquake, the land on which Marina Green sits was a tidal marsh, and rubble from the earthquake was dumped on the site. However, the site was filled in to provide land for the 1915 Panama-Pacific Exhibition. "
207,Mansell & University Streets (Visitacion  Valley),
208,Larkin & Francisco Streets (Russian Hill),
209,Larkin & Chestnut Streets (Russian Hill),
210,11 San Jacinto Ave.,
211,Kennedy Hotel (226 Embarcadero at Howard Street),Hotel was destroyed in the 1989 Loma Prieta earthquake. Corporate headquarters for the Gap reside at the location today.
212,John Muir Drive (Lake Merced),
213,Intersection of York & Peralta (Bernal Heights),
214,Filbert & Taylor Streets (Russian Hill),
215,Enrico's Café (504 Broadway),
216,Columbus & Lombard Streets (North Beach),
217,Cesar Chavez & Mission Street (Mission),
218,"Candlestick Park Exit, Highway 101",
219,Café Cantata (2040 Union Street),
1541,Brocklebank Apartments (1000 Mason Street),
1567,Bay Bridge,"Before opening in 1936, the bridge was blessed by Cardinal Secretary of State Eugenio Pacelli, who later became Pope Pius XII. "
997,2700 Vallejo Street (Pacific Heights),
223,20th & Vermont Streets (Potrero Hill),The most crooked street in San Francisco is actually Potrero Hill's Vermont Street between 20th St & 22nd St.
224,1153-57 Taylor Street,"Embarcadero Freeway, which was featured in the film was demolished in 1989 because of structural damage from the 1989 Loma Prieta Earthquake)"
1495,California Academy of Sciences (Golden Gate Park),"Founded in 1853, 3 years after California joined the United States, the Academy was originally named the California Academy of Natural Sciences and was the first institution of its kind in the United States."
226,Green Valley Restaurant (510 Green Street Near Grant),
227,1627 Haight Street,
228,1400 18th Street,
229,The Lexington Club (3464 19th Street at Lexington),
230,"Royan Hotel (405 Valencia Street, Mission District)",
643,"Department of Public Health (101 Grove Street at Polk, Civic Center)",
232,101 Henry Adams Place,
233,3639 Taraval St,
234,1458 33rd Ave.,
235,Lyon at Chestnut St.,
236,53 Potomac St,
237,1559 Underwood Avenue between Lane and Keith,
238,1465 Revere Avenue between Keith and Jennings,
239,1601 Lane St.,
240,420 Mason St.,
241,119 Utah,
242,100 Alemany Blvd.,
243,812 22nd St. and Tennessee,
244,Mission Dolores Park (Mission District) via J-Church MUNI Train,"The two land plots that comprise the Park were used as a Jewish cemetery until 1894 when San Francisco prohibited all burials within city limits. The graves were moved to Colma, CA."
371,"Li Po (916 Grant Avenue at Washington, Chinatown)",
246,Golden Dragon Restaurant (816 Washington Street at Grant),
247,Maiden Lane between Kearny and Grant,
288,"The Drew School, 2901 California",
279,"State Garage, 818 Leavenworth",
323,60 Leavenworth St.,
251,"Harvey Milk Rec Center, 50 Scott St.",
252,66 Potomac,
253,"Mario's Café, 566 Columbus",
300,Washington Square Park,
255,"William Stout Architectural Books, 804 Montgomery St.",
256,1055 Montgomery St.,
258,Jefferson Square Park,
259,UN Plaza/ Civic Center Bart steps,
260,940 Powell St.,
261,Ellis and Jones St.,
262,"Ellis Food Center, 398 Ellis",
263,"Jonell's Bar, 401 Ellis",
265,Antonio Alley,
266,253 4th Ave.,
275,"Warren's Antiques, 375 9th St.",
268,Private alley along 20th St. between Tennessee and Minnesota,
269,Mason and Pacific,
270,John St. between Powell and Mason,
271,Westin St. Francis,
272,"Betelnut restaurant, 2030 Union St.",
273,"Sutter Stockton Garage, 444 Stockton",
274,"YWCA, 940 Powell",
276,Heron and Berwick Alleys,
277,"Duboce St., Duboce Café",
278,Potomac and Waller,
281,"Blue Danube Café, 306 Clement",
282,"San Francisco Art Institute, 800 Chestnut",
283,Laguna Honda Hospital,
284,350 Santa Ana Ave.,
285,878-898 Chestnut St.,
286,Forrest Hill Muni Station,A Muni station agent played himself in this scene.
308,60 Potomac,
289,San Bruno and Alameda,
290,17th and Arkansas,
291,Bush and Sansome St.,
292,"Bayview Police Station, 201 Williams Ave.",
293,Miraloma Mall at Portola Frontage Road,
294,1018 Tennessee St.,
295,901/909Tennessee St.,
297,"Agua Vista Park at Mission Rock, 817 Terry A Francois Blvd.",
298,200 Kansas St.,
299,15th St. between Vermont and Kansas,
301,Grant between Union and Green,
303,Montgomery between Pacific and Broadway,
319,2 Rowland,
306,McAllister between Leavenworth and Hyde,
307,"Punjab Café, 838 24th St.",
309,Buena Vista betweeen Upper Terrace and Java St.,
310,157 Commonwealth,
311,1461 Page St.,
312,1958 Valencia St.,
313,145 Barlett St.,
314,Huntington Park,
315,Fairmont Hotel,"The Fairmont Hotel was featured in many films, including The Rock and the TV series Hotel"
316,1000 Mason St.,
317,St. Mary's Square Park,
318,Terry A. Francois Blvd. ,
328,Ocean Park Motel,
329,"Cliffhouse, 1090 Point Lobos Ave.",
322,850 Bryant- 6th floor County Jail,The former County Jail on the 6th floor was re-created to resemble a Mexican jail for the scene
324,San Francisco General Hospital,
325,1901 Ocean Ave. at Ashton Ave.,
326,1 Urbano,
327,18 Urbano,
330,387 Fair Oaks at 25th Street,
333,22nd and Carolina Streets (Potrero Hill),
334,San Francisco Public Library Main Branch (100 Larkin Street),
1533,"Mission Dolores (3321 16th Street, Mission District)","Mission Dolores' official name is Mission San Francisco de Assis. It is the oldest building in San Francisco, built in 1791, and has survived two major earthquakes."
477,Bix Restaurant (56 Gold Street),
1460,The Castro,"From 1910-1920 the Castro was called ""Little Scandinavia"" because of its high concentration of residents of Scandinavian ancestry."
505,Twin Peaks,"The 2nd highest point in SF after Mt. Davidson, Twin Peaks sit at the geographic center of SF. The native Ohlone people called the area “Los Pechos de la Chola” or ""Breasts of the Indian Maiden,"" but in the 19th Century when America took over the area, it was renamed ""Twin Peaks""."
342,Sound Factory (1st and Harrison Streets),
343,"Java House (Pier 40, Embarcadero)",
344,Alta Plaza Park,The park was originally a rock quarry and served as a campground for many survivors of the 1906 earthquake. The site was converted to a park in 1910.
345,82 & 67 Rico Way (Marina District),
346,24th Street between Mission Street and Potrero Avenue,
347,La Rondalla (Valencia and 20th Streets),
349,Powell & California Streets,
350,Southern Pacific Memorial Hospital (1400 Fell Street),
351,The Embarcadero/ Ferry Building,"Every hour and half-hour, the clock bell atop the Ferry Building chimes portions of the Westminster Quarters."
1301,Union Square,"During the Civil War, pro-Union rallies were held in the Square, and thus the area was called ""Union Square"". "
353,Westin St. Francis Hotel (335 Powell Street),"The hotel was originally supposed to be named the Crocker Hotel, after Charles Founder the railroad magnate who founded it. However, the hotel took the name the St. Francis after one of the earliest Gold Rush hotels. "
354,Chambord Apartments (1298 Sacramento Street at Jones),
355,Mark Hopkins Intercontinental Hotel (1 Nob Hill Circle),The Top of the Mark lounge and restaurant at the top of the hotel was formerly a penthouse suite.
356,Market & Steuart Streets (Financial District),
357,Market Street (from 6th- 4th Streets),
943,The Malloch Apartment Building (1360 Montgomery Street),
360,"Filbert Steps, Filbert Street",
361,University Club,
362,Filbert St. from Hyde to Leavenworth,
363,California St from Mason to Kearny,
365,Alioto Park,
366,California & Powell ,
367,Columbus & Pacific Ave,
373,"Mudpie, 2185 Fillmore Street",
1180,"Marina Green, Marina District","Before the 1906 earthquake, the land on which Marina Green sits was a tidal marsh, and rubble from the earthquake was dumped on the site. However, the site was filled in to provide land for the 1915 Panama-Pacific Exhibition. "
375,"Washington Square, North Beach",
1398,The Embarcadero,
1530,San Francisco Drydock (20th and Illinois Streets),
1312,Portsmouth Square (Chinatown),In 1847 the first public school in California was erected on what would become Portsmouth Square.
380,"Mt. Davidson Cross, Mt. Davidson","The cross sits at the highest point in San Francisco (938 feet). This version of the cross was erected in 1934.Though in Dirty Harry the cross is lit at night, the City stopped this practice in 1990."
1242,Mission Dolores Park (Mission District),"The two land plots that comprise the Park were used as a Jewish cemetery until 1894 when San Francisco prohibited all burials within city limits. The graves were moved to Colma, CA."
382,"Kezar Stadium, Golden Gate Park",The stadium was demolished and completely rebuilt after sustaining damages in the 1898 Loma Prieta earthquake.
383,Holiday Inn Select Downtown Hotel (750 Kearney Street),
385,Forest Hill Station- MUNI,
386,Dante Building (1606 Stockton Street at Union),
387,"California Hall (625 Polk Street, Van Ness/Civic Center)",
1377,Bank of America Building (555 California Street),"The Bank of America Building was the tallest building on the West Coast from 1969-1972, when it was surpassed by the TransAmerica Pyramid. Today, the Bank of America building is the 5th tallest building on the West Coast."
389,Webster Street,
390,Telegraph Hill Blvd (Telegraph Hill),
391,Larkin & Hyde Streets,
392,Gabbiano's Restaurant (Ferry Building),"Every hour and half-hour, the clock bell atop the Ferry Building chimes portions of the Westminster Quarters."
394,2107 Union Street,
395,2100 Green Street,
396,"South Park (Between 2nd and 3rd Streets, Brannan and Bryant Streets)",
1535,"Fort Point (Presidio, Golden Gate National Recreation Area)","Built in 1853, Fort Point is the only West Coast fort built by the Union Army. Though the Confederate army planned to attack San Francisco, the commanding Confederate general learned that the war had ended while end route to SF."
399,"West Chrissy Field (Presidio, Golden Gate National Recreation Area)",This movie was the first to film in the revamped Chrissy Field Picnic Area.
400,"Sacramento St., Between Pierce & Broderick Streets ",
401,Hyde Street & Lombard Street,
402,"Building 924, Presidio (Golden Gate National Recreation Area)","In 1776, Spain made the Presidio a fortified area. The area was then given to Mexico, but then given to the US in 1848. The 1994 demilitarization of the area in 1994 marked the end of its 219 years of military use. "
403,"Broadway, Between Franklin & Laguna Streets",
1440,Baker Beach,"From 1986-1990, the north end of Baker Beach was home to the Burning Man festival."
405,Elbo Room (647 Valencia Street),"This location is called the ""Café Blue Eyes"" in the film."
1512,Pier 39,
1528,Palace of Fine Arts (3301 Lyon Street),"The original Palace was built for the 1915 Panama-Pacific Exposition, and completely destroyed in 1964. It was rebuilt in 1965."
1284,Moose's Restaurant (1652 Stockton),
411,Mario's Bohemian Cigar Store (Washington Square),
412,"Center for the Arts, Yerba Buena Gardens (701 Mission Street)",
413,"Castro Theatre (429 Castro Street, The Castro)","The original Castro Theatre was built in 1910, a few doors down from the current theatre. The original theatre was converted into retail space, and the current theatre was built in the 1920s."
414,20th & Connecticut Streets (Potrero Hill),
415,19 Green Street (North Beach),
416,1138 Filbert Street,
417,North Beach Video (1398 Grant Avenue at Green),The video store has since moved to an adjacent location. 
420,"Andronico's, 1200 Irving Street",
421,Hooker Alley Garden on Mason between Bush & Pine,
422,Broadway @ Jones Streets,
423,"Outpost Studios, 69 Green Street",
424,"Legion of Honor, 100 34th Ave","California Palace of the Legion of Honor was completed in 1924, and on Armistice Day of that year the doors opened to the public. In keeping with the wishes of the donors, to “honor the dead while serving the living,” it was accepted by the city of San Francisco as a museum of fine arts dedicated to the memory of the 3,600 California men who had lost their lives on the battlefields of France during World War I."
425,UCSF Mt Zion 1600 Divisadero,
426,343 Union Street,
427,Pier 39 San Francisco,
428,Pier 14 San Francisco,
429,Chaya / Perry's 132 Embarcadero,
430,Castle Street @ Green Street,
1385,1227 Montgomery Street,
744,San Francisco City Hall,The museum party interiors were shot in the Historic San Francisco City Hall.
433,San Francisco Airport,
434,"Benu Restaurant, 22 Hawthorne Street",
435,California Street between Front and Davis,
436,Jones @ Broadway,
437,"Bentley Reserve, 301 Battery Street","The Bentley Reserve is the former San Francisco Federal Reserve. Designed by architect George W. Kelham and completed in 1924, the building has been a prominent landmark of the Financial District for 89 years."
438,"St Regis Hotel, 125 3rd Street",
439,"Marriott Marquis, 780 Mission Street","The Marriott Marquis opened on October 17, 1989, the day of the Loma Prieta earthquake.[7] With better earthquake proofing than several nearby hotels, the building only lost a single window.[7]"
440,"Laguna Honda Hospital, 375 Laguna Honda Blvd.",
441,544 Natoma (SOMA),
442,Turk Street between Mason & Leavenworth,
443,California Street between Sansome & Davis,
444,3rd Street between Market & Harrison,
445,Mason Street @ Vallejo ,
446,225 California Street,
447,George Washington High School (600 32nd Avenue ),
448,"Wells Fargo Bank (1 California Street, Financial District)",
449,The Sea Captain's Chest (Fisherman's Wharf),
450,"Sheraton Palace Hotel (2 Montgomery Street, Financial District)","The hotel was destroyed in the 1906 earthquake and fire, had to be rebuilt, and was reopened in 1909. "
451,Roaring Twenties Nightclub (555 Broadway at Columbus),
452,Candlestick Park,"Then Vice President Richard Nixon threw out the first pitch when Candlestick opened in 1960. On August 29, 1966, The Beatles played their last concert for paying fans at Candlestick Park."
453,2632 Larkin Street at Lombard,
454,100 St. Germain Avenue,
455,1 Montgomery Street at Post,
459,2230 Sacramento Street,"Called ""1001 Franklin"" in the film."
510,Nob Hill,"Railroad tycoons like Leland Stanford (founder of Stanford University) lived in Nob Hill at the turn of the 20th Century. The 1906 earthquake completely destroyed Nob Hill, with the exception of the wall that surrounded the mansions of Stanford and his neighbor Mark Hopkins. "
1475,"Postcard Row (Alamo Square, Hayes Valley)",The 6 Victorian homes across from Alamo Square Park are among the few Victorians to survive the Great Fire.
464,400 Montgomery Street,
465,Folsom Street & Embarcadero,
466,Varennes Alley between Filbert and Union,
1336,"San Francisco General Hospital Medical Center (1001 Potrero Avenue, Potrero Hill)",SF General Hospital is the only Level I Trauma Center serving San Francisco and northern San Mateo County. 
469,Kohl Building (400 Montgomery Street),
471,90 Gold Street,
472,5th and Beale Streets,
1300,"Westin St. Francis Hotel (335 Powell Street, Union Square)","The hotel was originally supposed to be named the Crocker Hotel, after Charles Founder the railroad magnate who founded it. However, the hotel took the name the St. Francis after one of the earliest Gold Rush hotels. "
474,"Public Health Service Hospital (Presidio, Golden Gate National Recreation Area)","In 1776, Spain made the Presidio a fortified area. The area was then given to Mexico, but then given to the US in 1848. The 1994 demilitarization of the area in 1994 marked the end of its 219 years of military use. "
475,"Presidio, Golden Gate National Recreation Area","In 1776, Spain made the Presidio a fortified area. The area was then given to Mexico, but then given to the US in 1848. The 1994 demilitarization of the area in 1994 marked the end of its 219 years of military use. "
1397,War Memorial Opera House (401 Van Ness Avenue),In 1945 the United Nations had its first conference at The War Memorial Opera House.
483,Sutter & Buchannan Streets,
484,Sutter & Baker Streets,
485,Sokoji-Soto Zen Buddhist Temple (1691 Laguna Street),
486,Sacramento & Hyde Streets (Nob Hill),
488,Potrero Hill Bathhouse & Feed Co. (199 Mississippi Street),
489,Octavia & Hayes Streets (Hayes Valley),
490,Montgomery & Pine Streets (Financial District),
491,Laguna & Sacramento Streets (Pacific Heights),
492,"Hayes Valley Care (601 Laguna Street, Hayes Valley)",
493,Golden Gate & Steiner Streets (Hayes Valley),
494,"Fort Point, Presidio","Built in 1853, Fort Point is the only West Coast fort built by the Union Army. Though the Confederate army planned to attack San Francisco, the commanding Confederate general learned that the war had ended while end route to SF."
495,Fort Mason (Golden Gate National Recreation Area),"Constructed in 1864 as a coastal defense site, Fort Mason went on to serve as an army post for more than 100 years."
496,Flood Building (870 Market Street),
497,"Fiesta Laundromat (898 S. Van Ness Ave., Mission)",
499,California & Larkin Streets (Nob Hill),
843,"Asian Art Museum (200 Larkin Street, Civic Center)",The Dalai Lama opened an exhibition on Wisdom and Compassion at the museum in 1991.
501,Andrew S. Hallidie Plaza (Market & Powell Streets),
502,430 Vallejo Street (Telegraph Hill),
503,24th and Castro Streets (Noe Valley),
504,Alco Plaza,
1066,TransAmerica Pyramid (600 Montgomery Street),"The Pyramid was the tallest skyscraper west of the Mississippi from 1972-1974, until it was surpassed by Los Angeles' Aon Center. "
1278,Stockton Tunnel (Stockton Street at Sutter Street),"Opened in 1914, the Stockton Tunnel was built to provide North Beach residents access to the thriving downtown area."
1489,Hyatt Regency Hotel (5 Embarcadero Center),
512,Folsom Street (SOMA),
1444,Candlestick Park (602 Jamestown Ave.),"Then Vice President Richard Nixon threw out the first pitch when Candlestick opened in 1960. On August 29, 1966, The Beatles played their last concert for paying fans at Candlestick Park."
516,Broadway and Columbus Avenue (North Beach),
1079,The Barbary Coast,"The Barbary Coast was a red-light district that was largely destroyed in the 1906 earthquake. Though some of the establishments were rebuilt after the earthquake, an anti-vice campaign put the establishments out of business."
518,755 Vallejo Street,
1205,The Tamalpais Building (1201 Greenwich Street at Hyde),
1304,"Neiman Marcus (150 Stockton Street, Union Square)",The City of Paris department store previously occupied the space that now houses Neiman Marcus. City of Paris' original rotunda and glass dome were incorporated into Neiman Marcus' design.
521,First Bank (550 Montgomery Street at Commercial),"Called ""Stanhope Bank"" in the film."
523,California & Grant Streets,
524,War Memorial Building (401 Van Ness Avenue),
526,140 Maiden Lane,
529,Mason Street at Jackson,
530,M.H. de Young Memorial Museum (Golden Gate Park),
582,435 23rd Street at Illinois,
532,Embarcadero Street Station- BART ,
534,"Mission Dolores Park, 19th St. & Dolores St.","After the devastating earthquake of 1906, the park served as a refugee camp for more than 1600 families who lost their home in the disaster."
535,Green and Divisadero,
536,1375 Haight St.,
537,"Mission Thrift, 2330 Mission St.",
1114,"The Castro Theater, 429 Castro St.",
539,Clarion Alley between Valencia and Mission,The murals that make up this famous alley were first painted in 1992 and still looked after by the Clarion Alley Mural Project.
540,"Macchiarini Steps, Kearny between Vallejo and Broadway",The namesake for the steps was an Italian-American California-based modernist jeweler and sculptor who pioneered avant-garde jewelry.
541,Fillmore and Waller,
542,"La Taqueria, 2889 Mission St.","The restaurant was given the honor of ""America's Best Burrito"" in 2014 by ESPN's FiveThirtyEight. "
543,Various Haight St. Vintage Shops,
544,"Clayton Post Office, 554 Clayton St.",
545,Taylor and Union,
546,Filbert between Leavenworth and Hyde,
547,Filbert between Grant and Kearny,
548,Filbert and Kearny Steps,
549,"Boulevard Restaurant, 1 Mission St.",
550,Grant between California and Washington,
551,"Musee Mecanique, Fisherman's Wharf",An interactive museum consisting of 20th century penny arcade games and artifacts. 
552,Mission between 19th and 25th St.,
553,"Underground SF, 424 Haight St.",
554,Fillmore between Haight and Waller,
555,Sacramento & Washington Streets,
556,Kearney & Pine St.,
1048,California & Davis St,
558,Pine St. & Davis St,
559,Sacramento & Front St.,
560,Broadway & Sansome,
561,Broadway & Columbus,
562,Post & Jones St.,
563,Stockton & Clay St,
564,Bush & Kearny,
565,Mission & Fremont St,
566,Eddy & Taylor St.,
568,Pier 1,
569,Embarcadero & Washington,
570,Mission & Beal,
571,Potrero &San Bruno,
572,Ross Alley (Chinatown),Ross Alley is the oldest alley in San Francisco. 
573,University of California Hastings College of the Law,
574,Bush Street (between Grant & Kearny Streets),
575,Buena Vista Park (Haight Street at Buena Vista),"Established in 1867, Buena Vista Park is the oldest official park in San Francisco."
577,Various locations in San Francisco during driving scene,
579,Bush and Sutter Streets,
580,Hayes Street at Laguna,
583,Sutter Street between Powell and Mason,
585,Mel's Drive-In (Corner South Van Ness & Mission St.),This restaurant location was demolished; however another Mel's was reopened in 1986 on 3355 Geary Blvd. 
586,634 Raycliff Terrace,
1538,Conservatory of Flowers (Golden Gate Park),"The Conservatory, unveiled in 1879, is the oldest public conservatory in the Western Hemisphere."
1399,Sutro Baths (Point Lobos Avenue),
594,2810 Pacific Avenue,
597,San Francisco Art Institute (800 Chestnut Street),
598,Washington Square Bar & Grill (1707 Powell),
599,City Lights Bookstore (261 Columbus),"One of the country's earliest bookstores, City Lights was founded by, and still owned by beat poet Lawrence Ferlinghetti. The bookstore was often frequented by Beat writers like Allen Ginsberg and Jack Kerouac."
601,Muni Metro East (501 Cesar Chavez),
602,Castagnola's Restaurant (Fisherman's Wharf),
1369,Sheraton Palace Hotel (639 Market Street),"The hotel was destroyed in the 1906 earthquake and fire, had to be rebuilt, and was reopened in 1909. "
605,Hobart Building (582 Market Street),
606,The Final Final (2990 Baker Street),
607,1160 Taylor Street,
610,"Conservatory of Flowers, Golden Gate Park","The Conservatory, unveiled in 1879, is the oldest public conservatory in the Western Hemisphere."
612,391 Pennsylvania Avenue at 19th Street,
1519,Vesuvio Café (255 Columbus Avenue),Jack Kerouac was a regular at the café.
615,Maiden Lane,
616,Condor Club (Columbus and Broadway),
617,Chase H & Q  (1 Bush Street at Sansome),
618,Pier 39 (Fisherman's Wharf),
620,Marriot Hotel (55 4th Street at Market),
1382,Telegraph Hill,"Largely untouched by the 1906 earthquake, Telegraph Hill has the most pre-1870 buildings in the city."
622,Vallejo Street at Sansome,
625,Flint & 16th (Castro),
626,"Grove & Polk, thru Fulton & 6th, Masonic, 28th & 47th",
627,Ocean Beach @ Balboa,
628,4100 20th St,
629,Harvey Milk Plaza,
630,Sanchez/Cumberland steps and sidewalks,
632,The Ferry Building,"Every hour and half-hour, the clock bell atop the Ferry Building chimes portions of the Westminster Quarters."
633,Grant Avenue (North Beach),
1419,Administration Building (Treasure Island),"An artificial island, Treasure Island was created for the 1939 Golden Gate International Exposition, and is named after the novel by Robert Louis Stevenson, a one-time San Francisco resident."
1402,"Mark Hopkins Intercontinental Hotel (1 Nob Hill Circle, Nob Hill)",The Top of the Mark lounge and restaurant at the top of the hotel was formerly a penthouse suite.
640,100 Market Street at 6th Street,
641,6th Street On-ramp to Highway 280,
642,Pier 33 (Embarcadero),
1499,United Nations Plaza (Civic Center),United Nations Plaza was built in 1975 and across its walkways are white lines into which the preamble to the preamble of the UN charter is carved.
645,Transamerica Building (600 Montgomery Street at Clay),"The Pyramid was the tallest skyscraper west of the Mississippi from 1972-1974, until it was surpassed by Los Angeles' Aon Center. "
647,"Ramada Plaza Hotel Downtown (1231 Market Street, Civic Center)",
649,Lafayette Park (Pacific Heights),
650,Hamlin Hotel (385 Eddy Street),
838,Broadway Tunnel (Russian Hill),
655,"Bimbo's 365 Club (1025 Columbus Avenue, North Beach)",
656,720 Steiner Street (Hayes Valley),
657,32 Napier Lane,
658,1227 Montgomery Street (Telegraph Hill),
659,1 Post Street,
660,Hunters Point,"With 23 miles of ladders and 300,000 rivets in each tower, the Golden Gate Bridge was the world's longest span when it opened in 1937."
1240,Chrissy Field,"With 23 miles of ladders and 300,000 rivets in each tower, the Golden Gate Bridge was the world's longest span when it opened in 1937."
1474,"Japanese Tea Garden (Hagiwara Tea Garden Drive, Golden Gate Park)","The Japanese Hagiwara family invented ""Chinese"" fortune cookies in the tea-garden"
665,Fior d' Italia (601 Union Street at Stockton),
667,Lombard & Hyde Streets,
669,Washington Square (North Beach),"Washington Square Park is not actually a square, as it has 5 sides. North Beach is not a beach."
676,Hang Ah Alley (Chinatown),
677,Horace Mann School (3351 23rd Street),
678,901 Union Street,
679,610 Rhode Island Street (Potrero Hill),
680,375 Laguna Honda Blvd.,
681,180 Manchester Street,
683,2552 Hyde Street,
686,Hyatt Fisherman's Wharf (555 Northpoint Street),
688,Chinatown Gate,"Designed in 1970, the Chinatown Gate (aka the Dragon Gate) is based on ceremonial gates found in Chinese villages. "
689,722 Steiner Street,
692,Market Street Between Noe and Sanchez,
693,Green & Laguna Streets,
694,California & Hyde Streets,
696,Lusty Lady Bar (North Beach),
697,222 Mason St. ,
699,Presidio Church at 130 Fisher Loop,
700,"Tiburon Hiking Trail, Tiburon, CA",
701,Fort Funston,
702,Folsom Street Fair on Folsom St.,
703,Orphan Andy's,
704,The Stud,
705,Mr. S Leather,
706,2866 24th St.,
707,24th and Church St. ,
708,Church and Duboce Muni Station,
709,St. Francis Fountain,
710,Muni line N- Judah,
711,Sutro Baths  ,
713,Market & Church St.,
714,Willy's Barber Shop,
715,Jawbone at 99 Rhode Island St. ,
716,Urban Flowers,
717,770 Haight St,
718,Eros,
719,Doc's Clock,
720,Starbucks at 333 O'Farrell St.,
722,The Café at 2369 Market St.,
723,Castro St. from Market to 18th St.,
726,The Fairmont,
727,1890 Clay St.,
728,2000 Folsom,
729,Mission Arts Center,
730,2413 Harrison St.,
731,Muddy Waters Coffee House,
732,"Daniel's Pharmacy, 943 Geneva Ave",
733,Valencia St. from 16th to 17th,
734,601 Buena Vista West,
865,Dolores Park,
736,Casa Lucas Market at 2934 24th St,
737,Punjab,
738,BART from Civic Center to 24th St.,
739,"Capital Restaurant, 839 Clay Street","Russell Tovey originally auditioned for the role of Patrick, but was unsuccessful. After the show got picked up, the character of Kevin was written with him in mind."
740,1080 Natoma Street,
807,1246 Folsom Street,
742,"Li Po Lounge, 916 Grant Avenue",Li Po Cocktail Lounge was one of the Top 10 Dive Bars in San Francisco in 2011 by SF Weekly
743,"Encore Karaoke, 1550 California Street",
745,"The Stud, 399 9th Street",
746,Van Ness and Market Street MUNI exit,"The character of Doris was originally a recurring role, but everyone on the team liked Lauren Weedman's performance so much that she became a full time regular during the second season."
747,10th Street between Market & Mission ,
748,"Philz Coffee, 1258 Minnesota Street",
749,Grant Avenue between Sacramento and Washington,
750,"The End Up, 401 6th Streeet",
751,"Orphan Andy's, 3991 17th Street",
752,Castro Street between 17th & 18th,
753,17th & Market Street,
754,Point Lobos Avenue,
755,Bernal Heights Neighborhood,"Jake Shears, lead singer of the band Scissor Sisters, auditioned for the role of Dom."
756,3079 16th Street,
758,901 Valencia Street,
759,314 11th Street,
761,Eddy @ Polk Street,
762,Church @ Duboce Street,
763,100 Church Street,"Jake Shears, lead singer of the band Scissor Sisters, auditioned for the role of Dom."
797,770 Haight Street,"This home was also used in MILK, Big Sur and Diary of a Teenage Girl"
765,651 Brannan Street,
912,1400 16th Street,
781,601 Buena Vista Ave West,
768,"Balboa pool Lot, San Jose Avenue & Havelock St",
822,"Willy's Barber shop, 3227 22nd Street",
770,"Mad Dog Bar, 530 Haight Street","The character of Doris was originally a recurring role, but everyone on the team liked Lauren Weedman's performance so much that she became a full time regular during the second season."
772,Kezar Pavillion,
773,"Boxer Stadium, 166 Havelock Street",
823,"Mission Rec Center, 2450 Harrison Street",
775,"Doc's Clock, 2575 Misison Street",
776,"Esta Noche, 3079 16th Street",
810,1890 Clay Street,
778,"Larken Street Youth Services, 1138 Sutter Street",
779,"Daniel's Pharmacy, 943 Geneva Ave.",
780,Castro Street @ 18th street,
782,"Urban Flowers, 4029 18th Street",
783,3650 21st Street,
784,"Bi-Rite Creamery, 3692 18th Stret",
785,"Dolores Park, San Francisco","Russell Tovey originally auditioned for the role of Patrick, but was unsuccessful. After the show got picked up, the character of Kevin was written with him in mind."
786,970 Geary Street,
788,534 Hyde Street,
789,24th Between Portrero & Alabama,
790,745 Treat Ave,
791,"Always Open Car Wash, 2560 Marin Street",
792,160 Church Street,
793,1119 Alabama Street,
794,745 Treat Ave.,
798,Delores Park,
799,"Valenti, Marini, Perata, 4840 Mission Street",
800,"Sparky's Diner, 242 Church Street",
801,2450 Harrison Street,
803,"Citizens Band, 1198 Folsom Street",
804,1111 California Street,
805,950 Mason Street,
806,"SF Zoo, 2945 Sloat Blvd",
808,68 Division Street,
815,8 Octavia Street,
811,"Tonga Room, Fairmont Hotel, 950 Mason Street",
812,"Muddy Waters, 521 Valencia Street",
813,"Mission Arts Center, 2450 Harrison Street",
814,5th Ave @ Fulton Street in Golden Gate Park,
816,BART Station @ 16th Street & Mission Streets,
817,67 Deming Street,
818,Twin Peaks Park,
819,"Vega Coffee, 1245 Folsom Street",
820,SF City Hall Polk Street Steps,
821,Mission Street @ 22nd Street,
824,The Marsh Theatre (1062 Valencia Street),
825,20 Hill Street,
826,198 Gough Street,
827,Cost Plus World Market (2552 Taylor Street),
828,Vermont Street between 20th and 22nd Streets,
831,"Pacific Heights Towers (2200 Sacramento Street, Pacific Heights)",
839,280 Freeway at Pennsylvania and Mariposa Streets,
840,2190 Washington Street (Pacific Heights),
841,18th Street Overpass (Potrero Hill),
1233,"On Board the SS President Cleveland, docked at Pier 50",
845,"722 Steiner Street (Postcard Row, Alamo Square, Hayes Valley)",The 6 Victorian homes across from Alamo Square Park are among the few Victorians to survive the Great Fire.
846,St. Elizabeth Apartment House (901 Powell Street at Sacramento),
847,Bush Street at Jones,
1231,Duboce Park,
852,424 Sansome Street,
853,29th and Dolores Street,
854,El Camino Del Mar,
856,Market & Castro Street,"From 1910-1920 the Castro was called ""Little Scandinavia"" because of its high concentration of residents of Scandinavian ancestry."
857,Marine Fireman's Union Headquarters,
858,Lower Haight Street,
861,"The 500 Club (500 Guerrero Street, Mission District)",
867,1200 Washington Street at Taylor Street,
868,Hancock School (940 Filbert Street),
1286,Danilo's Bakery (Green Street & Bannam Place),
871,520-522A Green Street at Grant Street,
872,516 Green Street,
873,100 Embarcadero Street,
874,1821 Alabama Street,
876,Cameron House (920 Sacramento Street),
877,504 Broadway,
878,9 Calhoun Terrace,
879,AT&T Park,
880,Berry Street between 3rd and 4th Streets,
881,Kearny Street between Broadway and Pacific Avenue,
882,731 Grant Avenue,
883,Waverly Alley between Grant and Sacramento Streets,
884,Joice Street at Clay Street,
886,800 Bay Street,
887,1201 Columbus Avenue,
888,Pier 45,The famous Musee Mecanique is located on Pier 45
889,369 Embarcadero,
890,24th Street between Folsom and Harrison Streets,
891,13 Lucky Street,
892,1541 Grove Street,
893,Ida B. Wells High School (1099 Hayes Street),"Ida B. Wells High School is named after the African-American journalist, suffragist and early leader in the Civil Rights Movement Ida B. Wells"
894,Alamo Square Park,
895,50 California Street,
896,373 Columbus Avenue,
897,350 Union Street,
898,Potrero Hill Recreation Center (801 Arkansas Street),
899,1243 19th Street,
900,372/374 Pennsylvania Avenue ,
901,Stevenson Alley,
902,901 Missouri Street,
903,83 Watchman Way,
904,1059 Texas Street,
905,Sue Bierman Park,
906,Embarcadero Street at Washington Street,
908,Pier 50,
909,435 Broadway,
910,Columbus Avenue between Washington and Bay Streets,
911,Grant Avenue between Clay and Washington Streets,
913,Pennsylvania Avenue at 19th Street,
914,Harriet Street between Bryant and Brannan Streets,
915,Boardman Place between Bryant and Brannan Streets,
1430,Civic Center Plaza,
918,500 Grove Street,
919,600 Octavia Street,
920,535 Octavia Street,
921,Patricia's Green,
922,Ivy Street between Laguna and Gough Streets,
923,Linden Alley between Octavia and Gough Streets,
925,Harriet Alley,
926,Howard Street at Steuart Street,
927,Red's Java House (Pier 30),
928,887 De Haro Street,
929,Pier 96,
930,2633 Vallejo Street,
931,Chouguet's (2500 Washington Street),
932,3122 16th Street,
933,500 Club (500 Guerrero),
934,O'Farrell & Jones Streets,
935,Triton Hotel (342 Grant Street),
936,Grant Avenue & Union Street,
937,Embarcadero from Broadway to Folsom,
938,California St from Taylor to Powell,
939,Mason St from Pine to Sacramento,
940,Powell St. from Geary to Sacramento,
944,Wasteland Store (1600 Haight Street),
945,Star's Café (55 Golden Gate Avenue at Van Ness),
948,Pierce Street between Pacific & Green Streets,
949,Montgomery & Vallejo Streets,
950,Marathon Plaza (303 2nd Street),
951,Jones Street at Bush,
952,Jack Kerouac Alley between Columbus & Grant Streets,
954,Belli Building (722 Montgomery Street at Washington),
955,Alamo Square,
956,60 Spear Street,
957,"101 Henry Adams Place, 4th Floor",
958,Albert S. Samuels Clock (856 Market Street between Powell and Stockton),
959,Belgravia Apartments (795 Sutter Street at Jones),
962,Sacramento & Montgomery Streets,
963,2017 23rd Street,
964,Filbert & Leavenworth Streets,
965,Texas & 19th Streets (Potrero Hill),
1449,Financial District,
968,"Spreckels Mansion (2080 Washington Street, Pacific Heights)",
970,Barbary Coast,"The Barbary Coast was a red-light district that was largely destroyed in the 1906 earthquake. Though some of the establishments were rebuilt after the earthquake, an anti-vice campaign put the establishments out of business."
972,Filbert from Hyde to Leavenworth,
973,Columbus and Green,
974,Larkin & Fulton,
975,Embarcadero & Market,
1422,Presidio (Golden Gate National Recreation Area),"In 1776, Spain made the Presidio a fortified area. The area was then given to Mexico, but then given to the US in 1848. The 1994 demilitarization of the area in 1994 marked the end of its 219 years of military use. "
979,Bank of America (38th Street at Balboa Street),"The Bank of America Building was the tallest building on the West Coast from 1969-1972, when it was surpassed by the TransAmerica Pyramid. Today, the Bank of America building is the 5th tallest building on the West Coast."
981,"Japanese Tea Garden, Hagiwara Tea Garden Drive, Golden Gate Park","The Japanese Hagiwara family invented ""Chinese"" fortune cookies in the tea-garden"
984,Cala Foods (California Street and Hyde),
985,307 Filbert Street,
986,2417 Franklin Street,
989,Balboa at 22nd Avenue,
1469,"The Music Concourse (Martin Luther King, Jr. Drive, Golden Gate Park)",The theater closed in 1985.
991,Surf Theater (4520 Irving Street),
994,15-17 Fresno Street,
1002,"Blind Cat, 3050 24th Street, San Francisco","Pushing Dead won the Audience Award for  Frameline San Francisco International LGBTQ Film Festival
2016
"
1003,"Cordova Market, 301 Rolph Street, San Francisco",
1004,"915 Naples, San Francisco",
1005,"Infield Batting Cages, 1888 Clement Street",
1006,42 Walter Street,
1007,Church Street MUNI Station,
1008,"Double Happiness Health, 3380 20th Street",
1009,"Ele Nino Traiing Cetner, 2920 3rd Street",
1010,"Matching Half Café, 1799 McAllister Street",
1011,"433 Baker Street, ",
1012,1069 Tennessee Street,
1013,2930 3rd Street,
1014,Hayes Street between Ashbury and Shrader,
1015,"Mission Neibhrohood Health Cetner, 240 Shotweel Street",
1016,Octavia at Grove Street,
1017,Koshland Park,
1018,"Uva Enoteca, 568 Haight Street",
1019,Turk Street between Steiner and Scott Streets,
1020,Pacific Stock Exchange,
1021,1536 Noe St.,
1022,24 Hill St.,
1023,21st St & Sanchez,
1024,4015 21st St,
1346,Tank Hill Park,
1026,Clement St. from 6th to 7th Ave. ,
1027,Wine Impression,
1028,Clement St. from 5th and 7th Ave. ,
1029,Claire Lilienthal Elementary School,
1030,Yerba Buena Gardens,
1031,Tonga Room,
1032,Cal-Mart Supermarket,
1033,McLaren Lodge,
1034,Bechelli's Flower Market Café,
1035,923 Vermont St.,
1036,Geary from 22nd Ave to Arguello,
1038,"Magic Theater (Fort Mason, Golden Gate National Recreation Area)","Constructed in 1864 as a coastal defense site, Fort Mason went on to serve as an army post for more than 100 years."
1039,York & 24th St.,
1040,2nd St & Howard,
1042,Broadway & Taylor,
1142,Mason & Sacramento St,
1044,Geary & 27th Ave,
1045,Geary & 20th Ave,
1046,Pioneer Park at Coit Tower,
1047,Vallejo Street Garage,
1049,Golden Gate Ave & Jones,
1053,Embarcadero Street,
1054,2nd St. at Townsend St.,
1055,Jefferson St. at Powell St.,
1056,Grant St. at Bush St.,Characters walk down street and it's totally wrecked from a massive earthquake
1057,Vallejo Garage Roof (Vallejo at Powell),
1058,Clay St. at Taylor,3 characters walk down the street. An earthquake shakes the city and stuff starts breaking. One character gets a shard of glass stuck in his leg.
1059,Bay St. at Polk,
1060,Intersection of Lombard and Hyde,
1061,Mission between 3rd and 4th St.,
1062,555 California,Characters walk out of broken window of 555 California out to Kearny St. Splinter unit films a car driving into the garage at 555 California
1063,Broadway and Kearney,
1064,Grant between Bush and Market,
1067,Washington Square,
1068,Battery Spencer,
1069,Pier 43,Bystanders watch as a tsunami crashes over them
1070,"Vallejo St. Garage, 766 Vallejo St.",Characters watch from roof of garage as tsunami hits SF waterfront
1071,Fort Baker,
1073,AT&T Stadium,"3 characters run out of stadium, there is a group of people on the sidewalk, an earthquake hits, and they duck for cover"
1074,Water work in SF Bay,Characters drive in a high speed picture boat to see different views of the city.
1075,"Stage Work, 47 Julian St.",
1076,333 Pacheco St at Lopez Ave.,
1077,Hyde St. at Greenwich and Hyde St. at Lombard,"Characters walk to get a vantage point for Coit tower. 250 actors walking ""fleeing"" the city after earthquake"
1078,"Asia Star Fantasy, 1126 Grant Ave.",Characters look for a form of communication with LA in a post-quake trashed city
1082,18th Street between Guerrero and Valencia Streets,"Re-enactment of ""Dyke's on Bikes"" and ""Dyke March"""
1083,"Atlas Café, 3049 20th St.",Dialogue scene inside the café
1084,Clarion Alley between Valencia & Mission St.,Ladies discuss their relationship in the mural alley
1085,Harrison & 20th,Driving shots
1086,Folsom,Driving shots
1087,16th St.,Driving shots
1088,S. Van Ness,Driving shots
1089,22nd St.,Driving shots
1090,Harrison,Driving shots
1091,20th,Driving shots
1092,Z Space Studios; 450 Florida St.,"Filming of the ""Fresh Meat"" Festival"
1093,375 Castro St. and 17th between Castro and Diamond St.,Chase sequence on bicycles ends at gas station
1094,Corbett St.,"Bicycle chase scene, actors dressed as fake officers present"
1095,Romain St.,Bicycle chase scene
1096,Market St. overpass,Bicycle chase scene
1097,Grand View Ave.,Bicycle chase scene
1098,Vallejo Street Garage; 766 Vallejo St.,dialogue scene on top of a garage roof
1100,Irving St. at 9th Ave.,continuous driving shots of a taxi going with the flow of existing traffic
1101,"Dolores Park, 20th St. between Church & Dolores St.","group of friends have a heated argument, then flashback of pre-argument"
1102,Palace of Fine Arts: 3306 Lyon St.,"Filming of ""Dyke's on Bikes"" and ""Dyke March"""
1103,Van Ness and 12th St.,A couple reminisces on the moment they first fell in love
1104,"""Metzger's Apt"" 151 Alice B. Toklas Pl.","Overnight scene involving aggressive arguments between actors, spfx shoot out involved"
1105,"Westerfeld House, 1198 Fulton St.","In the 1940's, the house became a 14-unit apartment building that housed jazz musicians including John Handy. This location serves as the hideout for the San Francisco-based character Nomi."
1106,67-69 Deming St.,
1107,"The Women's Building, 3543 18th St.","The mural painted outside the building was painted by 7 women artists including Juana Alicia, Miranda Bergman and Meera Desai. The computer lab scene was filmed inside the building."
1108,"Julia Morgan Ballroom at the Merchant's Exchange Building, 465 California St.","An extremely popular location for weddings, the namesake of the ballroom was an architect most famous for her work on Hearst Castle."
1109,"Marina Morrison Bridal, 30 Maiden Ln.",
1110,"Grace Cathedral, 1100 California St.","Martin Luther King, Jr. gave a sermon at the cathedral to celebrate the completion and consecration of the church in 1964."
1111,"San Francisco City Hall, 1 Dr. Carlton B. Goodlett Pl.","Many films have shot scene in and around the building including Raiders of the Lost Ark, Invasion of the Body Snatchers, Dirty Harry, The Towering Inferno, A View to a Kill and most recently, Milk. The Christmas party scene for this show was shot in the Rotunda. "
1112,"City Lights Bookstore, 261 Columbus Ave.",Howl and Other Poems by Allen Ginsberg was published in 1956 by City Lights after poet and founder Laurence Ferlinghetti heard Ginsberg read it in 1955.
1113,"Billy Goat Hill, Castro St. & 30th St.",This park was the location of a popular swing with great views of the City.
1115,Mission Creek Harbor along Channel St.,
1116,Grant between Sacramento and Jack Kerouac Alley,
1117,Castle between Union and Green,
1118,Green between Kearny and Montgomery,
1119,Montgomery between Green and Broadway,
1120,Washington between Stockton and Kearny,
1121,Spofford between Washington and Clay,
1122,Clay between Stockton and Grant,
1123,Filbert between Hyde and Jones,
1130,"St. Paul's Church (Church Street, Noe Valley)",
1132,"Maritime Museum, Building 201 (Fort Mason)",
1134,CCSF Alemany Campus ,
1135,"Carnelian Room, Bank of America Building (555 California Street, 53rd Floor)","The Bank of America Building was the tallest building on the West Coast from 1969-1972, when it was surpassed by the TransAmerica Pyramid. Today, the Bank of America building is the 5th tallest building on the West Coast."
1136,Manor West (750 Harrison St.),
1137,475 Diamond St.,
1138,Hyatt Hotel (555 North Point St.),
1140,411 Shrader St.,
1141,883 42nd Ave.,
1143,Unitarian Church (1187 Franklin St.),
1490,"Huntington Park (California & Taylor Streets, Nob Hill)",
1145,E Tutto Qua Restaurant (270 Columbus St.),
1146,1328 Portola,
1147,Clay St. at Sansome,
1148,Montgomery Street at Post Street,
1149,Mission Inn (5630 Mission St),
1150,87 Cervantes Blvd (beach),
1151,Gaspare's Pizza House (5546 Geary Blvd.),
1152,510 Noe Street & 18th St.,
1153,Europa Café (4318 California St. and 5th Ave.),
1154,New Taraval Café (1054 Taraval St.),
1155,Kansas St at 17th St.,
1156,City Hall ,
1157,Ocean Beach Motel (2690 46th Ave.),
1158,Greenwich St at Battery St,
1159,2100 Pacific Ave at Laguna St,
1161,Hills Brothers Plaza (The Embarcadero at Harrison),
1163,Swedenborgian Church (2107 Lyon Street),
1164,St. John's Presbyterian Church (25 Lake Street),
1166,Rocco's Corner (Columbus Street),
1167,Prudente's Italian Deli (1462 Grant Ave at Union),"Prudente's Italian Deli, which has since closed, is called ""Meats of the World"" in the film."
1168,Fog City Diner (1300 Battery Street),
1169,Edinburgh Castle (950 Geary Street),
1170,City Light Bookstore (261 Columbus Avenue),
1171,Café Picaro 3120 16th Street,
1173,"Aladdin Terrace (off of Taylor Street, Between Filbert and Union)",
1174,305 Hugo Street,
1175,"1462 Grant Avenue, at Union Street",
1176,S.S. Jeremiah O'Brien,
1178,"West Harbor, Marina District",
1179,North Beach,
1181,Kearny & Pacific Streets,
1182,Intersection of Grant & Fresno Streets (North Beach),
1183,Intersection of Columbus & Mason Streets,
1184,Intersection of Columbus & Kearney Streets,
1187,"Bessie Charmichael Elementary School (375 Seventh Street, SOMA)",
1188,500 Block of Pacific Avenue (Chinatown),
1191,Davies Symphony Hall (201 Van Ness Ave.),
1192,Sutter-Stockton Garage (444  Stockton),
1193,California St. from Jones St. to Mason St.,
1194,Powell St. from California St. to Sutter St.,
1195,Jackson St. from Mason St. to Powell St.,
1196,Intersection of Columbus and Kearny,
1197,Intersection of Clay St. and Walter U Lum Plc,
1198,Mission St and 5th St,
1199,21st and Collingswood St.,
1200,Castro St. between 21st an Hill St,
1201,21st and Sanchez St,
1202,19th and Kansas St.,
1207,2800 Scott Street,
1208,"Near Point Lobos, El Camino Del Mar ",
1209,Mt. Davidson,Mt. Davidson is highest point in San Francisco (938 feet).
1210,"McDonald's Restaurant (701 3rd Street, SOMA)",
1213,Ferry Plaza,"Every hour and half-hour, the clock bell atop the Ferry Building chimes portions of the Westminster Quarters."
1216,The Embarcadero/Ferry Building,"Every hour and half-hour, the clock bell atop the Ferry Building chimes portions of the Westminster Quarters."
1217,"Bowles Franklin Galleries (765 Beach Street, Fisherman's Wharf)",
1218,"Pier 38-40, The Embarcadero",
1219,Fisherman's Wharf pier near Chapel (Port Walk #19),
1220,Oasis Nightclub (298 11th St),
1221,Broadway and Taylor St Intersection,
1222,Turk St between Lyon and Baker St,
1223,Buena Vista East & Duboce; Buena Vista East & Haight,
1224,Love Street Vintage (1506 Haight & adjacent Haight sidewalk_,
1225,Alamo Square ,
1226,Stanyan & Belgrave,
1227,Sansome (Washington to Bush) Pine (Davis to Kearny) Bush: Kearny to Battery,
1228,Chinatown (Stockton @ Jackson & Jackson toward Grant,
1229,Montgomery between California and Pine,
1230,20th St and Church (3885 20th St),
1234,Marquee Lofts (1000 Van Ness Avenue at Alice B. Toklas Place),
1235,Hotel Majestic (1500 Sutter Street),
1236,"Foote, Cone & Belding (733 Front Street at Pacific)","The building is called ""Jabe & Dunne Advertising Agency"" in the movie."
1237,Farley's Café (1315 18th Street Near Missouri),
1238,Citicorp Center (1 Sansome Street at Sutter) ,
1239,Christopher's Books (1400 18th Street),
1241,Blooms Saloon (18th Street between Missouri and Texas Streets),
1243,Broadway Studios (435 Broadway at Montgomery Street),
1244,Regency Building (1290 Sutter Street),
1245,Powell Street,
1246,Mission Street,
1248,Bank of America (1455 Stockton Street),
1249,16th and Utah,"Helicopter flies over Utah St. from 16th, rises up before freeway"
1250,Van Ness between Fell and Lombard,
1251,California between Leavenworth and Powell,
1252,Mission at 1st and 2nd,
1253,Market at Mason,
1254,California at Larkin,
1255,California at Jones,
1256,Pine and Leavenworth,
1257,Howard St. from Embarcadero to 11 St.,
1258,Construction Site in front of 260 Stockton St. at Post St.,
1259,California St. between Drumm St. and Kearny St.,
1260,Market St. at Embarcadero area,
1261,Pine St. between Market and Kearny,
1262,Front St. between Market and Clay,
1264,San Francisco - Oakland Bay Bridge,
1265,"Mission St., Embarcadero, and Front between Clay and Market",
1266,Sutter Stockton Garage,
1267,Bush St. at Stockton St.,
1268,Powell St at Geary St,
1269,1 Market St. Landmark Building,
1270,Embarcadero between Pier 2 and Harrison,
1271,Pier 14,
1272,Pine St. between Market and Montgomery,
1274,766 Sutter Street,
1503,Merchant Exchange (465 California Street at Leidesdorff),
1309,Washington Square Park (North Beach),"Washington Square Park is not actually a square, as it has 5 sides. North Beach is not a beach. The statue in the Park is Ben Franklin, not George Washington."
1277,Sutter-Stockton Garage (330 Sutter Street at Stockton),Garage roof serves as a heliport in the movie
1281,Roof of Cable Car (California at Front Street),SF Cable Cars are the only moving National Historical Landmark.
1282,Pacific Stock Exchange (301 Pine Street at Sansome),
1283,Nina M. Designs (52 2nd Street at Jessie),
1285,Mama's Restaurant (1701 Stockton),
1287,Columbus Avenue at Green & Stockton,
1288,Powell and Geary Streets (Union Square),"The pet shop featured in the film does not exist, but was based on the now-closed Robison's House of Pets formerly located on Maiden Lane."
1296,"American Roofing Co. Building (297 Kansas Street, Potrero Hill)",
1552,Alta Plaza Park (Steiner Street),The park was originally a rock quarry and served as a campground for many survivors of the 1906 earthquake. The site was converted to a park in 1910.
1298,Alcoa Building (1 Maritime Plaza),"A partially-above ground parking structure near the building made it necessary for architects to make the Alcoa Building's diagonal bracing visible, instead of placing it inside and drastically reducing the amount usable interior space. "
1299,Alamo Square (Hayes Valley),
1302,"Saks Fifth Avenue (384 Post Street, Union Square)",
1502,One Embarcadero Center (Financial District),
1306,"Cathedral Hill Hotel (1101 Van Ness Avenue, Civic Center)",
1308,San Francisco Drydock (The Dogpatch),
1310,One Thousand Powell Apartments (1000 Powell Street),
1311,"The Cannery (281 Leavenworth Street, Fisherman's Wharf)",
1313,Pierce St. & Golden Gate Avenue (Hayes Valley),
1314,Pierce & California Streets (Pacific Heights),
1315,Pier 3 (The Embarcadero),
1316,New Asia Restaurant (772 Pacific Avenue at Grant),
1317,"Nam Yuen Restaurant (740 Washington Street, Chinatown)",
1318,"Mirant Energy, LLC (1301 Illinois Street, The Dogpatch)",
1319,McAllister & Scott Streets (Hayes Valley),
1320,"KGO-TV ABC7 TV Studios (900 Front Street, Waterfront Historic District)",
1322,"San Francisco National Military Cemetery (Lincoln Blvd., The Presidio, Golden Gate National Recreation Center)",
1323,"Silver Restaurant (737 Washington Street, Chinatown)",
1324,Fremont Street Exit of Bay Bridge,
1325,Folsom & Essex Streets,
1326,"Eber Electronics (2355 Market Street, Castro)",
1327,Clementina & Sumner Streets,
1328,Carl & Cole Streets (Cole Valley),
1329,710 Steiner Street (Hayes Valley),
1330,550 El Camino Del Mar (Seacliff),
1331,23rd & Iowa Streets (Dogpatch),
1332,22nd Bet. Carolina & Rhode Island Streets (Potrero Hill),
1333,22nd & Wisconsin Streets (Potrero Hill),
1334,20th & De Haro Streets (Potrero Hill),
1335,1954 Mason Street (North Beach),
1337,Victoria Theatre,
1338,SPECS' Twelve Adler Museum Café,
1339,Ocean Beach at Point Lobos,
1340,700 Kansas St.,
1341,Presidio Branch Library,
1342,The Royal Oak,
1343,Tonic,
1344,Polk and Northpoint St.,
1345,770 Haight St.,
1347,Hamburger Haven,
1348,Higher Grounds Coffee House,
1349,304 Lily St.,
1350,The Magazine at 920 Larkin,
1351,Geary St. from Polk to Larkin,
1352,Yerba Buena Island,
1355,Sutter & Webster Streets,
1356,Hall of Justice,
1359,Balmy Street (Mission District),
1361,24th Street Mini Park (Mission District),
1362,23rd & Capp Streets (Mission District),
1366,Merchant Exchange Building (465 California Street),
1420,Washington Street & Waverly Place (Chinatown),
1368,"Stockton Tunnel Southern Approach Overhang (Bush & Stockton Streets, Chinatown)","Opened in 1914, the Stockton Tunnel was built to provide North Beach residents access to the thriving downtown area."
1370,Ritz-Carlton Hotel (600 Stockton Street),
1372,Merchant Exchange Building,
1374,Harrison Street (The Embarcadero),
1375,City Club (155 Sansome Street),
1378,301 Howard Street,
1379,1 Bush Street,
1380,San Francisco Zoo (2701 Sloat Blvd.),
1383,Market Street,
1386,Grant Ave from Sacramento to Clay,
1387,Montgomery and Union St.,
1388,Epic Roasthouse,
1389,Players Arcade at Pier 39,
1390,Coffee Dan's (O'Farrell Street at Powell),
1392,Mandarin Theatre (1021 Grant Avenue),The Mandarin Theatre was renamed the Sun Sing Theatre in 1949. It closed 1986.
1577,Former Hall of Justice (750 Kearny Street at Washington),
1401,Pier 41,
1403,2090 Jackson Street,
1405,100 Block of Union Street (Cow Hollow),
1406,100 Block of Lombard Street,Lombard Street is not actually the most crooked in SF. That honor goes to Potrero Hill's Vermont Street between 22nd and 23rd.
1409,"Burritt Alley (Off Bush Street, between Powell and Stockton Streets)",
1410,Pier 7/ Embarcadero,
1411,skyline/ exterior scenes,
1412,Moscone Convention Center,
1421,Sansome Street (The Embarcadero),
1423,Montgomery & Vallejo Streets (Telegraph Hill),
1424,Market & 2nd Streets,
1425,Hayes & Polk Streets (Civic Center),
1431,Battery Street (The Embarcadero),
1432,900 Block of Grant Avenue (Chinatown),
1433,700 Block of Jackson Street (Chinatown),
1434,200 Block of Sansome Street (Financial District),
1435,724 Brazil Avenue,
1437,Firestation #3 (Brazil Avenue and Athens Street),
1439,Broadway Tunnel (Broadway between Powell and Larkin),
1441,2601 Lyon Street,
1442,Glen Park Subway Station,
1443,Glide Memorial Church (434 Ellis St),
1445,Golden Gate Park Children's Playground ,Golden Gate Park is similar in shape but 20% larger than New York's Central Park.
1446,"American Can Company (Between Illinois & Kentucky, 20th and 22nd Streets)",
1447,Cow Palace,"Supposedly, the Cow Palace's name derives from a newspaper editorial in which the writer wonders whether the soon-to-be-built structure for livestock was a ""palace for cows"". "
1451,The San Francisco Bay,
1452,New Russian Hill Market (1198 Pacific Avenue at Jones),
1545,Golden Gate National Recreation Area,The size of the Recreation Area is over two and a half greater than that of the city and county of San Francisco.
1461,"Bank of America Building (555 California Street, Financial District)","The Bank of America Building was the tallest building on the West Coast from 1969-1972, when it was surpassed by the TransAmerica Pyramid. Today, the Bank of America building is the 5th tallest building on the West Coast."
1462,"San Francisco Fire Station 38 (2150 California Street, Pacific Heights)",
1463,"Hyatt Regency Hotel (5 Embarcadero Center, Financial District)",
1465,Firestation #38 (California & Laguna),
1467,2898 Vallejo Street,
1470,Pleasant Street at Taylor,
1478,Montgomery Street at Union Street,
1473,Lincoln Park,The land on which the park stands was a cemetery until the late 1860s. 
1482,Lombard & Laguna Streets (Marina District),
1483,Lombard & Fillmore Streets (Marina District),
1484,Lombard & Divisadero Streets (Marina District),
1485,Lombard & Broderick Streets (Marina District),
1487,Intersection of Fulton & 6th Streets (Chinatown),
1488,Intersection of California & Grant Streets (Richmond District),
1493,"Ghirardelli Square (900 North Point Street, Fisherman's Wharf)","In 1893, chocolatier Domingo Ghirardelli bought an entire city block to house the headquarters of Ghirardelli Chocolates."
1494,Chestnut & Divisadero Streets (Marina District),
1496,Broadway at Osgood Street (North Beach),
1497,2340 Francisco Street,
1498,Old St. Mary's Church (660 California Street at Grant),
1510,"Red's Java House (Pier 30-32, The Embarcadero)",
1511,Piers 30-32,
1513,Pier 24,
1514,Mojito (1337-1339 Grant Avenue),
1515,"McCovey Point, China Basin Park (24 Willy Mays Plaza)",
1516,Veterans' War Memorial Building (401 Van Ness Avenue),
1518,La Bodega (1332 Grant Avenue at Vallejo),
1520,The Saloon (1232 Grant Avenue),
1521,Mecca Restaurant (2029 Market Street),
1523,Project Artaud (Florida Street),
1524,Corona Heights Park,
1525,422 Oak Street at Laguna,
1526,3567 18th Street,
1527,Under Highway 101 (near Potrero and Cesar Chavez Streets),
1529,York Hotel (940 Sutter Street),
1531,Park Hill Sanatorium (351 Buena Vista Avenue East),This location is now a condominium complex.
1532,Mission San Juan Bautista (2nd & Mariposa Streets),
1534,Gough & Eddy Streets (Western Addition),
1537,Ernie's Restaurant (847 Montgomery Street),"Called the ""Essex Club"" in the film."
1539,Claude Lane at Bush Street,
1540,"California Palace of the Legion of Honor (34th Avenue & Clement, Lincoln Park)","Built in 1924, the Legion of Honor is a 3/4 replica of the Parisian Palais de la Legion d'Honneur. "
1542,900 Lombard Street,Lombard Street is not actually the most crooked in SF. That honor goes to Potrero Hill's Vermont Street between 22nd and 23rd.
1543,1007 Gough Street,Tennis courts now sit on the site; in the movie the structure was Carlota Valdes' home.
1546,"Women's Building, 3543 18th St.",Roma Guy was one of the founders of the Women's Building 
1548,San Francisco Hilton (333 O'Farrell Street),
1549,Lombard Street between Hyde and Leavenworth,
1550,Hyde Street Pier,
1553,22nd Avenue & Balboa Street (Richmond District),
1554,Buena Vista Café (2765 Hyde Street),
1555,"Victor's Restaurant, The Westin St. Francis Hotel (335 Powell Street)","The hotel was originally supposed to be named the Crocker Hotel, after Charles Founder the railroad magnate who founded it. However, the hotel took the name the St. Francis after one of the earliest Gold Rush hotels. "
1556,Spring Valley School (1451 Jackson Street),
1557,"International Studies Academy (993 Vermont Street, Potrero Hill)",
1558,Grant Street at Pacific Avenue,
1559,Cybelle's Pizza (1000 Bush Street),
1560,766 Vallejo Street at Stockton Street (North Beach),
1561,1521 Masonic Avenue at Piedmont Street,
1563,United Nations Plaza,
1564,520 Castro St.,
1565,"Castro Theatre, 429 Castro St.",
1566,440 Castro St.,
1568,24th St. between Florida and Alabama,
1569,"Harvey Milk Plaza, 17th and Castro",
1570,"Twin Peaks Bar, 401 Castro",
1571,Buena Vista Park,
1572,Haight St. at Central,
1573,"Eureka Arts Center, 4400 20th St.",
1574,Castro St. between 17th and 18th St.,
1575,426 Castro St.,
1576,Powell St. at Market St.,
1578,835-865 Market Street at 5th Street,"The Emporium, a department store, stood in this location. Bloomingdale's is now located here. "
1579,819 Mason Street at Pine,
1580,772 Commercial Street at Kearney,"Called ""Man Loh's Oriental Roof Garden"" in the film."
1581,1801 Laguna at Bush,
1582,Cable Car Signal Box (California Street at Powell Street),SF Cable Cars are the only moving National Historical Landmark.
1583,312 Fillmore Street,
1585,SF Chronicle Building (901 Mission St),
